{"country":{"totalCured":87528,"totalDeath":4750,"totalIncrease":0,"incDoubtful":4,"childStatistic":"全国","totalDoubtful":7,"time":"2020-11-29 10:04:00","totalConfirmed":93329},"dataSourceUpdateTime":{"updateTime":"截至 2020.11.29 10:04","dataSource":"各省市地区卫健委"},"trend":[{"day":"1.10","sure_cnt":27,"die_cnt":0,"cure_cnt":2,"doubt_cnt":0,"fullDay":20200110},{"day":"1.11","sure_cnt":41,"die_cnt":1,"cure_cnt":6,"doubt_cnt":0,"fullDay":20200111},{"day":"1.12","sure_cnt":41,"die_cnt":1,"cure_cnt":7,"doubt_cnt":0,"fullDay":20200112},{"day":"1.13","sure_cnt":41,"die_cnt":1,"cure_cnt":7,"doubt_cnt":0,"fullDay":20200113},{"day":"1.14","sure_cnt":41,"die_cnt":1,"cure_cnt":7,"doubt_cnt":0,"fullDay":20200114},{"day":"1.15","sure_cnt":41,"die_cnt":2,"cure_cnt":12,"doubt_cnt":0,"fullDay":20200115},{"day":"1.16","sure_cnt":45,"die_cnt":2,"cure_cnt":15,"doubt_cnt":0,"fullDay":20200116},{"day":"1.17","sure_cnt":62,"die_cnt":2,"cure_cnt":19,"doubt_cnt":0,"fullDay":20200117},{"day":"1.18","sure_cnt":121,"die_cnt":3,"cure_cnt":24,"doubt_cnt":0,"fullDay":20200118},{"day":"1.19","sure_cnt":198,"die_cnt":4,"cure_cnt":25,"doubt_cnt":0,"fullDay":20200119},{"day":"1.20","sure_cnt":291,"die_cnt":6,"cure_cnt":25,"doubt_cnt":54,"fullDay":20200120},{"day":"1.21","sure_cnt":440,"die_cnt":9,"cure_cnt":25,"doubt_cnt":91,"fullDay":20200121},{"day":"1.22","sure_cnt":574,"die_cnt":17,"cure_cnt":25,"doubt_cnt":257,"fullDay":20200122},{"day":"1.23","sure_cnt":835,"die_cnt":25,"cure_cnt":34,"doubt_cnt":1072,"fullDay":20200123},{"day":"1.24","sure_cnt":1297,"die_cnt":41,"cure_cnt":38,"doubt_cnt":1965,"fullDay":20200124},{"day":"1.25","sure_cnt":1985,"die_cnt":56,"cure_cnt":49,"doubt_cnt":2684,"fullDay":20200125},{"day":"1.26","sure_cnt":2761,"die_cnt":80,"cure_cnt":51,"doubt_cnt":5794,"fullDay":20200126},{"day":"1.27","sure_cnt":4535,"die_cnt":106,"cure_cnt":60,"doubt_cnt":6973,"fullDay":20200127},{"day":"1.28","sure_cnt":5997,"die_cnt":132,"cure_cnt":103,"doubt_cnt":9239,"fullDay":20200128},{"day":"1.29","sure_cnt":7736,"die_cnt":170,"cure_cnt":124,"doubt_cnt":12167,"fullDay":20200129},{"day":"1.30","sure_cnt":9720,"die_cnt":213,"cure_cnt":171,"doubt_cnt":15238,"fullDay":20200130},{"day":"1.31","sure_cnt":11821,"die_cnt":259,"cure_cnt":243,"doubt_cnt":17988,"fullDay":20200131},{"day":"2.01","sure_cnt":14411,"die_cnt":304,"cure_cnt":328,"doubt_cnt":19544,"fullDay":20200201},{"day":"2.02","sure_cnt":17238,"die_cnt":361,"cure_cnt":475,"doubt_cnt":21558,"fullDay":20200202},{"day":"2.03","sure_cnt":20471,"die_cnt":425,"cure_cnt":632,"doubt_cnt":23214,"fullDay":20200203},{"day":"2.04","sure_cnt":24363,"die_cnt":491,"cure_cnt":892,"doubt_cnt":23260,"fullDay":20200204},{"day":"2.05","sure_cnt":28060,"die_cnt":564,"cure_cnt":1153,"doubt_cnt":24702,"fullDay":20200205},{"day":"2.06","sure_cnt":31197,"die_cnt":637,"cure_cnt":1542,"doubt_cnt":26358,"fullDay":20200206},{"day":"2.07","sure_cnt":34594,"die_cnt":723,"cure_cnt":2051,"doubt_cnt":27653,"fullDay":20200207},{"day":"2.08","sure_cnt":37162,"die_cnt":812,"cure_cnt":2651,"doubt_cnt":28942,"fullDay":20200208},{"day":"2.09","sure_cnt":40222,"die_cnt":909,"cure_cnt":3282,"doubt_cnt":23589,"fullDay":20200209},{"day":"2.10","sure_cnt":42708,"die_cnt":1017,"cure_cnt":3998,"doubt_cnt":21675,"fullDay":20200210},{"day":"2.11","sure_cnt":44730,"die_cnt":1114,"cure_cnt":4742,"doubt_cnt":16067,"fullDay":20200211},{"day":"2.12","sure_cnt":58839,"die_cnt":1260,"cure_cnt":5646,"doubt_cnt":13435,"fullDay":20200212},{"day":"2.13","sure_cnt":63932,"die_cnt":1381,"cure_cnt":6728,"doubt_cnt":10109,"fullDay":20200213},{"day":"2.14","sure_cnt":66575,"die_cnt":1524,"cure_cnt":8101,"doubt_cnt":8969,"fullDay":20200214},{"day":"2.15","sure_cnt":68584,"die_cnt":1666,"cure_cnt":9425,"doubt_cnt":8228,"fullDay":20200215},{"day":"2.16","sure_cnt":70635,"die_cnt":1772,"cure_cnt":10853,"doubt_cnt":7264,"fullDay":20200216},{"day":"2.17","sure_cnt":72528,"die_cnt":1870,"cure_cnt":12561,"doubt_cnt":6242,"fullDay":20200217},{"day":"2.18","sure_cnt":74276,"die_cnt":2006,"cure_cnt":14387,"doubt_cnt":5248,"fullDay":20200218},{"day":"2.19","sure_cnt":75101,"die_cnt":2121,"cure_cnt":16168,"doubt_cnt":4922,"fullDay":20200219},{"day":"2.20","sure_cnt":75993,"die_cnt":2239,"cure_cnt":18277,"doubt_cnt":5206,"fullDay":20200220},{"day":"2.21","sure_cnt":76392,"die_cnt":2348,"cure_cnt":20672,"doubt_cnt":5365,"fullDay":20200221},{"day":"2.22","sure_cnt":76846,"die_cnt":2445,"cure_cnt":22907,"doubt_cnt":4148,"fullDay":20200222},{"day":"2.23","sure_cnt":77262,"die_cnt":2595,"cure_cnt":24757,"doubt_cnt":3434,"fullDay":20200223},{"day":"2.24","sure_cnt":77779,"die_cnt":2666,"cure_cnt":27353,"doubt_cnt":2824,"fullDay":20200224},{"day":"2.25","sure_cnt":78190,"die_cnt":2718,"cure_cnt":29775,"doubt_cnt":2491,"fullDay":20200225},{"day":"2.26","sure_cnt":78630,"die_cnt":2747,"cure_cnt":32531,"doubt_cnt":2358,"fullDay":20200226},{"day":"2.27","sure_cnt":78959,"die_cnt":2791,"cure_cnt":36157,"doubt_cnt":2308,"fullDay":20200227},{"day":"2.28","sure_cnt":79389,"die_cnt":2838,"cure_cnt":39049,"doubt_cnt":1418,"fullDay":20200228},{"day":"2.29","sure_cnt":79968,"die_cnt":2873,"cure_cnt":41675,"doubt_cnt":851,"fullDay":20200229},{"day":"3.01","sure_cnt":80174,"die_cnt":2915,"cure_cnt":44518,"doubt_cnt":715,"fullDay":20200301},{"day":"3.02","sure_cnt":80302,"die_cnt":2946,"cure_cnt":47260,"doubt_cnt":587,"fullDay":20200302},{"day":"3.03","sure_cnt":80422,"die_cnt":2984,"cure_cnt":49914,"doubt_cnt":520,"fullDay":20200303},{"day":"3.04","sure_cnt":80565,"die_cnt":3015,"cure_cnt":52109,"doubt_cnt":522,"fullDay":20200304},{"day":"3.05","sure_cnt":80710,"die_cnt":3045,"cure_cnt":53793,"doubt_cnt":482,"fullDay":20200305},{"day":"3.06","sure_cnt":80813,"die_cnt":3073,"cure_cnt":55477,"doubt_cnt":502,"fullDay":20200306},{"day":"3.07","sure_cnt":80859,"die_cnt":3100,"cure_cnt":57143,"doubt_cnt":458,"fullDay":20200307},{"day":"3.08","sure_cnt":80904,"die_cnt":3123,"cure_cnt":58684,"doubt_cnt":421,"fullDay":20200308},{"day":"3.09","sure_cnt":80924,"die_cnt":3140,"cure_cnt":59982,"doubt_cnt":349,"fullDay":20200309},{"day":"3.10","sure_cnt":80955,"die_cnt":3162,"cure_cnt":61567,"doubt_cnt":285,"fullDay":20200310},{"day":"3.11","sure_cnt":80992,"die_cnt":3173,"cure_cnt":62887,"doubt_cnt":253,"fullDay":20200311},{"day":"3.12","sure_cnt":81003,"die_cnt":3180,"cure_cnt":64216,"doubt_cnt":147,"fullDay":20200312},{"day":"3.13","sure_cnt":81021,"die_cnt":3194,"cure_cnt":65649,"doubt_cnt":115,"fullDay":20200313},{"day":"3.14","sure_cnt":81048,"die_cnt":3204,"cure_cnt":67022,"doubt_cnt":113,"fullDay":20200314},{"day":"3.15","sure_cnt":81077,"die_cnt":3218,"cure_cnt":67863,"doubt_cnt":134,"fullDay":20200315},{"day":"3.16","sure_cnt":81116,"die_cnt":3231,"cure_cnt":68799,"doubt_cnt":128,"fullDay":20200316},{"day":"3.17","sure_cnt":81151,"die_cnt":3242,"cure_cnt":69725,"doubt_cnt":119,"fullDay":20200317},{"day":"3.18","sure_cnt":81235,"die_cnt":3250,"cure_cnt":70547,"doubt_cnt":105,"fullDay":20200318},{"day":"3.19","sure_cnt":81300,"die_cnt":3253,"cure_cnt":71284,"doubt_cnt":104,"fullDay":20200319},{"day":"3.20","sure_cnt":81416,"die_cnt":3261,"cure_cnt":71876,"doubt_cnt":106,"fullDay":20200320},{"day":"3.21","sure_cnt":81498,"die_cnt":3267,"cure_cnt":72382,"doubt_cnt":118,"fullDay":20200321},{"day":"3.22","sure_cnt":81600,"die_cnt":3276,"cure_cnt":72841,"doubt_cnt":136,"fullDay":20200322},{"day":"3.23","sure_cnt":81747,"die_cnt":3283,"cure_cnt":73299,"doubt_cnt":132,"fullDay":20200323},{"day":"3.24","sure_cnt":81846,"die_cnt":3287,"cure_cnt":73791,"doubt_cnt":134,"fullDay":20200324},{"day":"3.25","sure_cnt":81960,"die_cnt":3293,"cure_cnt":74196,"doubt_cnt":159,"fullDay":20200325},{"day":"3.26","sure_cnt":82078,"die_cnt":3298,"cure_cnt":74737,"doubt_cnt":189,"fullDay":20200326},{"day":"3.27","sure_cnt":82213,"die_cnt":3301,"cure_cnt":75122,"doubt_cnt":184,"fullDay":20200327},{"day":"3.28","sure_cnt":82341,"die_cnt":3306,"cure_cnt":75600,"doubt_cnt":174,"fullDay":20200328},{"day":"3.29","sure_cnt":82447,"die_cnt":3311,"cure_cnt":75937,"doubt_cnt":168,"fullDay":20200329},{"day":"3.30","sure_cnt":82545,"die_cnt":3314,"cure_cnt":76225,"doubt_cnt":183,"fullDay":20200330},{"day":"3.31","sure_cnt":82631,"die_cnt":3321,"cure_cnt":76415,"doubt_cnt":172,"fullDay":20200331},{"day":"4.01","sure_cnt":82724,"die_cnt":3327,"cure_cnt":76610,"doubt_cnt":153,"fullDay":20200401},{"day":"4.02","sure_cnt":82802,"die_cnt":3331,"cure_cnt":76785,"doubt_cnt":135,"fullDay":20200402},{"day":"4.03","sure_cnt":82875,"die_cnt":3335,"cure_cnt":76984,"doubt_cnt":114,"fullDay":20200403},{"day":"4.04","sure_cnt":82930,"die_cnt":3338,"cure_cnt":77210,"doubt_cnt":107,"fullDay":20200404},{"day":"4.05","sure_cnt":83005,"die_cnt":3340,"cure_cnt":77348,"doubt_cnt":88,"fullDay":20200405},{"day":"4.06","sure_cnt":83071,"die_cnt":3340,"cure_cnt":77450,"doubt_cnt":89,"fullDay":20200406},{"day":"4.07","sure_cnt":83157,"die_cnt":3342,"cure_cnt":77586,"doubt_cnt":83,"fullDay":20200407},{"day":"4.08","sure_cnt":83249,"die_cnt":3344,"cure_cnt":77711,"doubt_cnt":73,"fullDay":20200408},{"day":"4.09","sure_cnt":83305,"die_cnt":3345,"cure_cnt":77838,"doubt_cnt":53,"fullDay":20200409},{"day":"4.10","sure_cnt":83369,"die_cnt":3349,"cure_cnt":77935,"doubt_cnt":44,"fullDay":20200410},{"day":"4.11","sure_cnt":83482,"die_cnt":3349,"cure_cnt":78020,"doubt_cnt":82,"fullDay":20200411},{"day":"4.12","sure_cnt":83597,"die_cnt":3351,"cure_cnt":78145,"doubt_cnt":72,"fullDay":20200412},{"day":"4.13","sure_cnt":83696,"die_cnt":3351,"cure_cnt":78262,"doubt_cnt":72,"fullDay":20200413},{"day":"4.14","sure_cnt":83745,"die_cnt":3352,"cure_cnt":78389,"doubt_cnt":73,"fullDay":20200414},{"day":"4.15","sure_cnt":83797,"die_cnt":3352,"cure_cnt":78504,"doubt_cnt":63,"fullDay":20200415},{"day":"4.16","sure_cnt":84149,"die_cnt":4642,"cure_cnt":77591,"doubt_cnt":62,"fullDay":20200416},{"day":"4.17","sure_cnt":84180,"die_cnt":4642,"cure_cnt":77744,"doubt_cnt":63,"fullDay":20200417},{"day":"4.18","sure_cnt":84201,"die_cnt":4642,"cure_cnt":77825,"doubt_cnt":48,"fullDay":20200418},{"day":"4.19","sure_cnt":84237,"die_cnt":4642,"cure_cnt":77895,"doubt_cnt":43,"fullDay":20200419},{"day":"4.20","sure_cnt":84250,"die_cnt":4642,"cure_cnt":77978,"doubt_cnt":37,"fullDay":20200420},{"day":"4.21","sure_cnt":84287,"die_cnt":4642,"cure_cnt":78042,"doubt_cnt":35,"fullDay":20200421},{"day":"4.22","sure_cnt":84302,"die_cnt":4642,"cure_cnt":78147,"doubt_cnt":20,"fullDay":20200422},{"day":"4.23","sure_cnt":84311,"die_cnt":4643,"cure_cnt":78236,"doubt_cnt":20,"fullDay":20200423},{"day":"4.24","sure_cnt":84324,"die_cnt":4643,"cure_cnt":78362,"doubt_cnt":17,"fullDay":20200424},{"day":"4.25","sure_cnt":84338,"die_cnt":4643,"cure_cnt":78450,"doubt_cnt":12,"fullDay":20200425},{"day":"4.26","sure_cnt":84341,"die_cnt":4643,"cure_cnt":78558,"doubt_cnt":10,"fullDay":20200426},{"day":"4.27","sure_cnt":84347,"die_cnt":4643,"cure_cnt":78664,"doubt_cnt":9,"fullDay":20200427},{"day":"4.28","sure_cnt":84369,"die_cnt":4643,"cure_cnt":78729,"doubt_cnt":10,"fullDay":20200428},{"day":"4.29","sure_cnt":84373,"die_cnt":4643,"cure_cnt":78785,"doubt_cnt":10,"fullDay":20200429},{"day":"4.30","sure_cnt":84385,"die_cnt":4643,"cure_cnt":78845,"doubt_cnt":7,"fullDay":20200430},{"day":"5.01","sure_cnt":84388,"die_cnt":4643,"cure_cnt":78905,"doubt_cnt":11,"fullDay":20200501},{"day":"5.02","sure_cnt":84393,"die_cnt":4643,"cure_cnt":78939,"doubt_cnt":10,"fullDay":20200502},{"day":"5.03","sure_cnt":84400,"die_cnt":4643,"cure_cnt":79016,"doubt_cnt":3,"fullDay":20200503},{"day":"5.04","sure_cnt":84404,"die_cnt":4643,"cure_cnt":79126,"doubt_cnt":2,"fullDay":20200504},{"day":"5.05","sure_cnt":84406,"die_cnt":4643,"cure_cnt":79204,"doubt_cnt":5,"fullDay":20200505},{"day":"5.06","sure_cnt":84409,"die_cnt":4643,"cure_cnt":79268,"doubt_cnt":4,"fullDay":20200506},{"day":"5.07","sure_cnt":84415,"die_cnt":4643,"cure_cnt":79324,"doubt_cnt":6,"fullDay":20200507},{"day":"5.08","sure_cnt":84416,"die_cnt":4643,"cure_cnt":79401,"doubt_cnt":8,"fullDay":20200508},{"day":"5.09","sure_cnt":84430,"die_cnt":4643,"cure_cnt":79488,"doubt_cnt":4,"fullDay":20200509},{"day":"5.10","sure_cnt":84450,"die_cnt":4643,"cure_cnt":79533,"doubt_cnt":3,"fullDay":20200510},{"day":"5.11","sure_cnt":84451,"die_cnt":4644,"cure_cnt":79566,"doubt_cnt":3,"fullDay":20200511},{"day":"5.12","sure_cnt":84458,"die_cnt":4644,"cure_cnt":79594,"doubt_cnt":4,"fullDay":20200512},{"day":"5.13","sure_cnt":84464,"die_cnt":4644,"cure_cnt":79621,"doubt_cnt":4,"fullDay":20200513},{"day":"5.14","sure_cnt":84469,"die_cnt":4644,"cure_cnt":79644,"doubt_cnt":4,"fullDay":20200514},{"day":"5.15","sure_cnt":84479,"die_cnt":4645,"cure_cnt":79668,"doubt_cnt":3,"fullDay":20200515},{"day":"5.16","sure_cnt":84484,"die_cnt":4645,"cure_cnt":79682,"doubt_cnt":4,"fullDay":20200516},{"day":"5.17","sure_cnt":84494,"die_cnt":4645,"cure_cnt":79701,"doubt_cnt":4,"fullDay":20200517},{"day":"5.18","sure_cnt":84500,"die_cnt":4645,"cure_cnt":79708,"doubt_cnt":3,"fullDay":20200518},{"day":"5.19","sure_cnt":84505,"die_cnt":4645,"cure_cnt":79715,"doubt_cnt":7,"fullDay":20200519},{"day":"5.20","sure_cnt":84507,"die_cnt":4645,"cure_cnt":79722,"doubt_cnt":7,"fullDay":20200520},{"day":"5.21","sure_cnt":84520,"die_cnt":4645,"cure_cnt":79736,"doubt_cnt":7,"fullDay":20200521},{"day":"5.22","sure_cnt":84522,"die_cnt":4645,"cure_cnt":79740,"doubt_cnt":5,"fullDay":20200522},{"day":"5.23","sure_cnt":84525,"die_cnt":4645,"cure_cnt":79746,"doubt_cnt":8,"fullDay":20200523},{"day":"5.24","sure_cnt":84536,"die_cnt":4645,"cure_cnt":79757,"doubt_cnt":6,"fullDay":20200524},{"day":"5.25","sure_cnt":84543,"die_cnt":4645,"cure_cnt":79767,"doubt_cnt":5,"fullDay":20200525},{"day":"5.26","sure_cnt":84544,"die_cnt":4645,"cure_cnt":79774,"doubt_cnt":6,"fullDay":20200526},{"day":"5.27","sure_cnt":84547,"die_cnt":4645,"cure_cnt":79786,"doubt_cnt":5,"fullDay":20200527},{"day":"5.28","sure_cnt":84547,"die_cnt":4645,"cure_cnt":79791,"doubt_cnt":5,"fullDay":20200528},{"day":"5.29","sure_cnt":84565,"die_cnt":4645,"cure_cnt":79802,"doubt_cnt":5,"fullDay":20200529},{"day":"5.30","sure_cnt":84570,"die_cnt":4645,"cure_cnt":79806,"doubt_cnt":4,"fullDay":20200530},{"day":"5.31","sure_cnt":84588,"die_cnt":4645,"cure_cnt":79812,"doubt_cnt":3,"fullDay":20200531},{"day":"6.01","sure_cnt":84595,"die_cnt":4645,"cure_cnt":79822,"doubt_cnt":2,"fullDay":20200601},{"day":"6.02","sure_cnt":84602,"die_cnt":4645,"cure_cnt":79824,"doubt_cnt":3,"fullDay":20200602},{"day":"6.03","sure_cnt":84603,"die_cnt":4645,"cure_cnt":79831,"doubt_cnt":3,"fullDay":20200603},{"day":"6.04","sure_cnt":84614,"die_cnt":4645,"cure_cnt":79842,"doubt_cnt":2,"fullDay":20200604},{"day":"6.05","sure_cnt":84620,"die_cnt":4645,"cure_cnt":79848,"doubt_cnt":2,"fullDay":20200605},{"day":"6.06","sure_cnt":84629,"die_cnt":4645,"cure_cnt":79854,"doubt_cnt":3,"fullDay":20200606},{"day":"6.07","sure_cnt":84634,"die_cnt":4645,"cure_cnt":79865,"doubt_cnt":3,"fullDay":20200607},{"day":"6.08","sure_cnt":84638,"die_cnt":4645,"cure_cnt":79875,"doubt_cnt":1,"fullDay":20200608},{"day":"6.09","sure_cnt":84641,"die_cnt":4645,"cure_cnt":79883,"doubt_cnt":2,"fullDay":20200609},{"day":"6.10","sure_cnt":84652,"die_cnt":4645,"cure_cnt":79888,"doubt_cnt":1,"fullDay":20200610},{"day":"6.11","sure_cnt":84659,"die_cnt":4645,"cure_cnt":79896,"doubt_cnt":1,"fullDay":20200611},{"day":"6.12","sure_cnt":84671,"die_cnt":4645,"cure_cnt":79903,"doubt_cnt":1,"fullDay":20200612},{"day":"6.13","sure_cnt":84729,"die_cnt":4645,"cure_cnt":79906,"doubt_cnt":2,"fullDay":20200613},{"day":"6.14","sure_cnt":84778,"die_cnt":4645,"cure_cnt":79913,"doubt_cnt":3,"fullDay":20200614},{"day":"6.15","sure_cnt":84823,"die_cnt":4645,"cure_cnt":79922,"doubt_cnt":4,"fullDay":20200615},{"day":"6.16","sure_cnt":84867,"die_cnt":4645,"cure_cnt":79926,"doubt_cnt":7,"fullDay":20200616},{"day":"6.17","sure_cnt":84903,"die_cnt":4645,"cure_cnt":79944,"doubt_cnt":7,"fullDay":20200617},{"day":"6.18","sure_cnt":84940,"die_cnt":4645,"cure_cnt":79949,"doubt_cnt":7,"fullDay":20200618},{"day":"6.19","sure_cnt":84970,"die_cnt":4645,"cure_cnt":79963,"doubt_cnt":11,"fullDay":20200619},{"day":"6.20","sure_cnt":84997,"die_cnt":4646,"cure_cnt":79969,"doubt_cnt":13,"fullDay":20200620},{"day":"6.21","sure_cnt":85018,"die_cnt":4646,"cure_cnt":79970,"doubt_cnt":15,"fullDay":20200621},{"day":"6.22","sure_cnt":85070,"die_cnt":4646,"cure_cnt":79983,"doubt_cnt":15,"fullDay":20200622},{"day":"6.23","sure_cnt":85098,"die_cnt":4647,"cure_cnt":79991,"doubt_cnt":18,"fullDay":20200623},{"day":"6.24","sure_cnt":85119,"die_cnt":4647,"cure_cnt":79999,"doubt_cnt":13,"fullDay":20200624},{"day":"6.25","sure_cnt":85148,"die_cnt":4648,"cure_cnt":80007,"doubt_cnt":10,"fullDay":20200625},{"day":"6.26","sure_cnt":85172,"die_cnt":4648,"cure_cnt":80015,"doubt_cnt":8,"fullDay":20200626},{"day":"6.27","sure_cnt":85190,"die_cnt":4648,"cure_cnt":80026,"doubt_cnt":8,"fullDay":20200627},{"day":"6.28","sure_cnt":85204,"die_cnt":4648,"cure_cnt":80044,"doubt_cnt":10,"fullDay":20200628},{"day":"6.29","sure_cnt":85227,"die_cnt":4648,"cure_cnt":80054,"doubt_cnt":7,"fullDay":20200629},{"day":"6.30","sure_cnt":85232,"die_cnt":4648,"cure_cnt":80068,"doubt_cnt":8,"fullDay":20200630},{"day":"7.01","sure_cnt":85263,"die_cnt":4648,"cure_cnt":80087,"doubt_cnt":5,"fullDay":20200701},{"day":"7.02","sure_cnt":85278,"die_cnt":4648,"cure_cnt":80102,"doubt_cnt":6,"fullDay":20200702},{"day":"7.03","sure_cnt":85287,"die_cnt":4648,"cure_cnt":80117,"doubt_cnt":7,"fullDay":20200703},{"day":"7.04","sure_cnt":85306,"die_cnt":4648,"cure_cnt":80144,"doubt_cnt":7,"fullDay":20200704},{"day":"7.05","sure_cnt":85320,"die_cnt":4648,"cure_cnt":80157,"doubt_cnt":7,"fullDay":20200705},{"day":"7.06","sure_cnt":85345,"die_cnt":4648,"cure_cnt":80168,"doubt_cnt":7,"fullDay":20200706},{"day":"7.07","sure_cnt":85366,"die_cnt":4648,"cure_cnt":80192,"doubt_cnt":6,"fullDay":20200707},{"day":"7.08","sure_cnt":85399,"die_cnt":4648,"cure_cnt":80240,"doubt_cnt":5,"fullDay":20200708},{"day":"7.09","sure_cnt":85445,"die_cnt":4648,"cure_cnt":80268,"doubt_cnt":8,"fullDay":20200709},{"day":"7.10","sure_cnt":85487,"die_cnt":4648,"cure_cnt":80293,"doubt_cnt":8,"fullDay":20200710},{"day":"7.11","sure_cnt":85522,"die_cnt":4648,"cure_cnt":80314,"doubt_cnt":7,"fullDay":20200711},{"day":"7.12","sure_cnt":85568,"die_cnt":4648,"cure_cnt":80345,"doubt_cnt":7,"fullDay":20200712},{"day":"7.13","sure_cnt":85623,"die_cnt":4649,"cure_cnt":80376,"doubt_cnt":5,"fullDay":20200713},{"day":"7.14","sure_cnt":85677,"die_cnt":4649,"cure_cnt":80407,"doubt_cnt":3,"fullDay":20200714},{"day":"7.15","sure_cnt":85697,"die_cnt":4651,"cure_cnt":80445,"doubt_cnt":3,"fullDay":20200715},{"day":"7.16","sure_cnt":85775,"die_cnt":4651,"cure_cnt":80476,"doubt_cnt":3,"fullDay":20200716},{"day":"7.17","sure_cnt":85857,"die_cnt":4652,"cure_cnt":80508,"doubt_cnt":4,"fullDay":20200717},{"day":"7.18","sure_cnt":85937,"die_cnt":4653,"cure_cnt":80535,"doubt_cnt":4,"fullDay":20200718},{"day":"7.19","sure_cnt":86068,"die_cnt":4653,"cure_cnt":80579,"doubt_cnt":4,"fullDay":20200719},{"day":"7.20","sure_cnt":86152,"die_cnt":4653,"cure_cnt":80605,"doubt_cnt":1,"fullDay":20200720},{"day":"7.21","sure_cnt":86226,"die_cnt":4655,"cure_cnt":80650,"doubt_cnt":1,"fullDay":20200721},{"day":"7.22","sure_cnt":86361,"die_cnt":4655,"cure_cnt":80685,"doubt_cnt":4,"fullDay":20200722},{"day":"7.23","sure_cnt":86500,"die_cnt":4656,"cure_cnt":80738,"doubt_cnt":2,"fullDay":20200723},{"day":"7.24","sure_cnt":86660,"die_cnt":4657,"cure_cnt":80782,"doubt_cnt":2,"fullDay":20200724},{"day":"7.25","sure_cnt":86839,"die_cnt":4659,"cure_cnt":80849,"doubt_cnt":3,"fullDay":20200725},{"day":"7.26","sure_cnt":87028,"die_cnt":4659,"cure_cnt":80899,"doubt_cnt":3,"fullDay":20200726},{"day":"7.27","sure_cnt":87245,"die_cnt":4663,"cure_cnt":80906,"doubt_cnt":1,"fullDay":20200727},{"day":"7.28","sure_cnt":87457,"die_cnt":4664,"cure_cnt":80957,"doubt_cnt":1,"fullDay":20200728},{"day":"7.29","sure_cnt":87680,"die_cnt":4665,"cure_cnt":81034,"doubt_cnt":2,"fullDay":20200729},{"day":"7.30","sure_cnt":87956,"die_cnt":4666,"cure_cnt":81120,"doubt_cnt":2,"fullDay":20200730},{"day":"7.31","sure_cnt":88122,"die_cnt":4668,"cure_cnt":81227,"doubt_cnt":2,"fullDay":20200731},{"day":"8.01","sure_cnt":88301,"die_cnt":4672,"cure_cnt":81348,"doubt_cnt":2,"fullDay":20200801},{"day":"8.02","sure_cnt":88459,"die_cnt":4676,"cure_cnt":81459,"doubt_cnt":4,"fullDay":20200802},{"day":"8.03","sure_cnt":88573,"die_cnt":4679,"cure_cnt":81554,"doubt_cnt":5,"fullDay":20200803},{"day":"8.04","sure_cnt":88682,"die_cnt":4683,"cure_cnt":81675,"doubt_cnt":3,"fullDay":20200804},{"day":"8.05","sure_cnt":88804,"die_cnt":4684,"cure_cnt":81858,"doubt_cnt":2,"fullDay":20200805},{"day":"8.06","sure_cnt":88937,"die_cnt":4687,"cure_cnt":82033,"doubt_cnt":3,"fullDay":20200806},{"day":"8.07","sure_cnt":89057,"die_cnt":4688,"cure_cnt":82230,"doubt_cnt":7,"fullDay":20200807},{"day":"8.08","sure_cnt":89149,"die_cnt":4688,"cure_cnt":82410,"doubt_cnt":6,"fullDay":20200808},{"day":"8.09","sure_cnt":89270,"die_cnt":4693,"cure_cnt":82566,"doubt_cnt":7,"fullDay":20200809},{"day":"8.10","sure_cnt":89383,"die_cnt":4696,"cure_cnt":82688,"doubt_cnt":3,"fullDay":20200810},{"day":"8.11","sure_cnt":89444,"die_cnt":4699,"cure_cnt":82883,"doubt_cnt":3,"fullDay":20200811},{"day":"8.12","sure_cnt":89526,"die_cnt":4704,"cure_cnt":83083,"doubt_cnt":4,"fullDay":20200812},{"day":"8.13","sure_cnt":89625,"die_cnt":4707,"cure_cnt":83253,"doubt_cnt":5,"fullDay":20200813},{"day":"8.14","sure_cnt":89695,"die_cnt":4708,"cure_cnt":83407,"doubt_cnt":3,"fullDay":20200814},{"day":"8.15","sure_cnt":89761,"die_cnt":4710,"cure_cnt":83559,"doubt_cnt":3,"fullDay":20200815},{"day":"8.16","sure_cnt":89859,"die_cnt":4710,"cure_cnt":83648,"doubt_cnt":4,"fullDay":20200816},{"day":"8.17","sure_cnt":89926,"die_cnt":4710,"cure_cnt":83737,"doubt_cnt":3,"fullDay":20200817},{"day":"8.18","sure_cnt":89980,"die_cnt":4712,"cure_cnt":83858,"doubt_cnt":2,"fullDay":20200818},{"day":"8.19","sure_cnt":90013,"die_cnt":4713,"cure_cnt":84027,"doubt_cnt":2,"fullDay":20200819},{"day":"8.20","sure_cnt":90053,"die_cnt":4716,"cure_cnt":84122,"doubt_cnt":0,"fullDay":20200820},{"day":"8.21","sure_cnt":90103,"die_cnt":4716,"cure_cnt":84254,"doubt_cnt":1,"fullDay":20200821},{"day":"8.22","sure_cnt":90141,"die_cnt":4717,"cure_cnt":84372,"doubt_cnt":3,"fullDay":20200822},{"day":"8.23","sure_cnt":90182,"die_cnt":4718,"cure_cnt":84446,"doubt_cnt":2,"fullDay":20200823},{"day":"8.24","sure_cnt":90205,"die_cnt":4718,"cure_cnt":84516,"doubt_cnt":2,"fullDay":20200824},{"day":"8.25","sure_cnt":90239,"die_cnt":4719,"cure_cnt":84626,"doubt_cnt":0,"fullDay":20200825},{"day":"8.26","sure_cnt":90271,"die_cnt":4720,"cure_cnt":84715,"doubt_cnt":1,"fullDay":20200826},{"day":"8.27","sure_cnt":90301,"die_cnt":4722,"cure_cnt":84799,"doubt_cnt":3,"fullDay":20200827},{"day":"8.28","sure_cnt":90323,"die_cnt":4725,"cure_cnt":84883,"doubt_cnt":0,"fullDay":20200828},{"day":"8.29","sure_cnt":90351,"die_cnt":4728,"cure_cnt":84948,"doubt_cnt":0,"fullDay":20200829},{"day":"8.30","sure_cnt":90383,"die_cnt":4729,"cure_cnt":85005,"doubt_cnt":0,"fullDay":20200830},{"day":"8.31","sure_cnt":90402,"die_cnt":4730,"cure_cnt":85058,"doubt_cnt":0,"fullDay":20200831},{"day":"9.01","sure_cnt":90422,"die_cnt":4731,"cure_cnt":85122,"doubt_cnt":0,"fullDay":20200901},{"day":"9.02","sure_cnt":90442,"die_cnt":4734,"cure_cnt":85169,"doubt_cnt":0,"fullDay":20200902},{"day":"9.03","sure_cnt":90475,"die_cnt":4735,"cure_cnt":85211,"doubt_cnt":0,"fullDay":20200903},{"day":"9.04","sure_cnt":90498,"die_cnt":4735,"cure_cnt":85257,"doubt_cnt":0,"fullDay":20200904},{"day":"9.05","sure_cnt":90517,"die_cnt":4735,"cure_cnt":85314,"doubt_cnt":2,"fullDay":20200905},{"day":"9.06","sure_cnt":90551,"die_cnt":4737,"cure_cnt":85350,"doubt_cnt":1,"fullDay":20200906},{"day":"9.07","sure_cnt":90573,"die_cnt":4739,"cure_cnt":85380,"doubt_cnt":1,"fullDay":20200907},{"day":"9.08","sure_cnt":90582,"die_cnt":4740,"cure_cnt":85411,"doubt_cnt":6,"fullDay":20200908},{"day":"9.09","sure_cnt":90595,"die_cnt":4740,"cure_cnt":85436,"doubt_cnt":1,"fullDay":20200909},{"day":"9.10","sure_cnt":90623,"die_cnt":4740,"cure_cnt":85480,"doubt_cnt":1,"fullDay":20200910},{"day":"9.11","sure_cnt":90643,"die_cnt":4740,"cure_cnt":85505,"doubt_cnt":1,"fullDay":20200911},{"day":"9.12","sure_cnt":90666,"die_cnt":4741,"cure_cnt":85533,"doubt_cnt":0,"fullDay":20200912},{"day":"9.13","sure_cnt":90695,"die_cnt":4741,"cure_cnt":85566,"doubt_cnt":3,"fullDay":20200913},{"day":"9.14","sure_cnt":90718,"die_cnt":4742,"cure_cnt":85583,"doubt_cnt":2,"fullDay":20200914},{"day":"9.15","sure_cnt":90734,"die_cnt":4743,"cure_cnt":85605,"doubt_cnt":0,"fullDay":20200915},{"day":"9.16","sure_cnt":90753,"die_cnt":4743,"cure_cnt":85634,"doubt_cnt":1,"fullDay":20200916},{"day":"9.17","sure_cnt":90797,"die_cnt":4743,"cure_cnt":85662,"doubt_cnt":2,"fullDay":20200917},{"day":"9.18","sure_cnt":90814,"die_cnt":4744,"cure_cnt":85684,"doubt_cnt":1,"fullDay":20200918},{"day":"9.19","sure_cnt":90840,"die_cnt":4744,"cure_cnt":85710,"doubt_cnt":2,"fullDay":20200919},{"day":"9.20","sure_cnt":90876,"die_cnt":4744,"cure_cnt":85721,"doubt_cnt":1,"fullDay":20200920},{"day":"9.21","sure_cnt":90890,"die_cnt":4744,"cure_cnt":85739,"doubt_cnt":0,"fullDay":20200921},{"day":"9.22","sure_cnt":90908,"die_cnt":4744,"cure_cnt":85759,"doubt_cnt":0,"fullDay":20200922},{"day":"9.23","sure_cnt":90918,"die_cnt":4745,"cure_cnt":85788,"doubt_cnt":0,"fullDay":20200923},{"day":"9.24","sure_cnt":90933,"die_cnt":4745,"cure_cnt":85806,"doubt_cnt":1,"fullDay":20200924},{"day":"9.25","sure_cnt":90951,"die_cnt":4746,"cure_cnt":85827,"doubt_cnt":2,"fullDay":20200925},{"day":"9.26","sure_cnt":90966,"die_cnt":4746,"cure_cnt":85844,"doubt_cnt":2,"fullDay":20200926},{"day":"9.27","sure_cnt":90993,"die_cnt":4746,"cure_cnt":85865,"doubt_cnt":0,"fullDay":20200927},{"day":"9.28","sure_cnt":91018,"die_cnt":4746,"cure_cnt":85884,"doubt_cnt":1,"fullDay":20200928},{"day":"9.29","sure_cnt":91041,"die_cnt":4746,"cure_cnt":85913,"doubt_cnt":2,"fullDay":20200929},{"day":"9.30","sure_cnt":91061,"die_cnt":4746,"cure_cnt":85950,"doubt_cnt":3,"fullDay":20200930},{"day":"10.01","sure_cnt":91082,"die_cnt":4746,"cure_cnt":85968,"doubt_cnt":3,"fullDay":20201001},{"day":"10.02","sure_cnt":91101,"die_cnt":4746,"cure_cnt":85984,"doubt_cnt":4,"fullDay":20201002},{"day":"10.03","sure_cnt":91121,"die_cnt":4746,"cure_cnt":86000,"doubt_cnt":7,"fullDay":20201003},{"day":"10.04","sure_cnt":91146,"die_cnt":4746,"cure_cnt":86019,"doubt_cnt":6,"fullDay":20201004},{"day":"10.05","sure_cnt":91170,"die_cnt":4746,"cure_cnt":86030,"doubt_cnt":4,"fullDay":20201005},{"day":"10.06","sure_cnt":91188,"die_cnt":4746,"cure_cnt":86056,"doubt_cnt":4,"fullDay":20201006},{"day":"10.07","sure_cnt":91212,"die_cnt":4746,"cure_cnt":86083,"doubt_cnt":5,"fullDay":20201007},{"day":"10.08","sure_cnt":91252,"die_cnt":4746,"cure_cnt":86104,"doubt_cnt":5,"fullDay":20201008},{"day":"10.09","sure_cnt":91278,"die_cnt":4746,"cure_cnt":86136,"doubt_cnt":4,"fullDay":20201009},{"day":"10.10","sure_cnt":91305,"die_cnt":4746,"cure_cnt":86153,"doubt_cnt":9,"fullDay":20201010},{"day":"10.11","sure_cnt":91333,"die_cnt":4746,"cure_cnt":86167,"doubt_cnt":9,"fullDay":20201011},{"day":"10.12","sure_cnt":91359,"die_cnt":4746,"cure_cnt":86185,"doubt_cnt":7,"fullDay":20201012},{"day":"10.13","sure_cnt":91388,"die_cnt":4746,"cure_cnt":86202,"doubt_cnt":5,"fullDay":20201013},{"day":"10.14","sure_cnt":91399,"die_cnt":4746,"cure_cnt":86217,"doubt_cnt":7,"fullDay":20201014},{"day":"10.15","sure_cnt":91436,"die_cnt":4746,"cure_cnt":86239,"doubt_cnt":5,"fullDay":20201015},{"day":"10.16","sure_cnt":91460,"die_cnt":4746,"cure_cnt":86254,"doubt_cnt":5,"fullDay":20201016},{"day":"10.17","sure_cnt":91490,"die_cnt":4746,"cure_cnt":86286,"doubt_cnt":4,"fullDay":20201017},{"day":"10.18","sure_cnt":91507,"die_cnt":4746,"cure_cnt":86312,"doubt_cnt":3,"fullDay":20201018},{"day":"10.19","sure_cnt":91546,"die_cnt":4746,"cure_cnt":86333,"doubt_cnt":6,"fullDay":20201019},{"day":"10.20","sure_cnt":91565,"die_cnt":4746,"cure_cnt":86371,"doubt_cnt":5,"fullDay":20201020},{"day":"10.21","sure_cnt":91588,"die_cnt":4746,"cure_cnt":86395,"doubt_cnt":5,"fullDay":20201021},{"day":"10.22","sure_cnt":91621,"die_cnt":4746,"cure_cnt":86427,"doubt_cnt":7,"fullDay":20201022},{"day":"10.23","sure_cnt":91653,"die_cnt":4746,"cure_cnt":86448,"doubt_cnt":5,"fullDay":20201023},{"day":"10.24","sure_cnt":91675,"die_cnt":4746,"cure_cnt":86480,"doubt_cnt":5,"fullDay":20201024},{"day":"10.25","sure_cnt":91701,"die_cnt":4746,"cure_cnt":86506,"doubt_cnt":6,"fullDay":20201025},{"day":"10.26","sure_cnt":91725,"die_cnt":4746,"cure_cnt":86526,"doubt_cnt":2,"fullDay":20201026},{"day":"10.27","sure_cnt":91772,"die_cnt":4746,"cure_cnt":86537,"doubt_cnt":0,"fullDay":20201027},{"day":"10.28","sure_cnt":91821,"die_cnt":4746,"cure_cnt":86560,"doubt_cnt":0,"fullDay":20201028},{"day":"10.29","sure_cnt":91852,"die_cnt":4746,"cure_cnt":86599,"doubt_cnt":6,"fullDay":20201029},{"day":"10.30","sure_cnt":91893,"die_cnt":4746,"cure_cnt":86626,"doubt_cnt":5,"fullDay":20201030},{"day":"10.31","sure_cnt":91921,"die_cnt":4746,"cure_cnt":86654,"doubt_cnt":0,"fullDay":20201031},{"day":"11.01","sure_cnt":91955,"die_cnt":4746,"cure_cnt":86684,"doubt_cnt":1,"fullDay":20201101},{"day":"11.02","sure_cnt":92015,"die_cnt":4746,"cure_cnt":86712,"doubt_cnt":2,"fullDay":20201102},{"day":"11.03","sure_cnt":92045,"die_cnt":4746,"cure_cnt":86737,"doubt_cnt":2,"fullDay":20201103},{"day":"11.04","sure_cnt":92077,"die_cnt":4747,"cure_cnt":86766,"doubt_cnt":4,"fullDay":20201104},{"day":"11.05","sure_cnt":92121,"die_cnt":4748,"cure_cnt":86793,"doubt_cnt":26,"fullDay":20201105},{"day":"11.06","sure_cnt":92164,"die_cnt":4748,"cure_cnt":86831,"doubt_cnt":23,"fullDay":20201106},{"day":"11.07","sure_cnt":92195,"die_cnt":4748,"cure_cnt":86876,"doubt_cnt":6,"fullDay":20201107},{"day":"11.08","sure_cnt":92242,"die_cnt":4748,"cure_cnt":86901,"doubt_cnt":5,"fullDay":20201108},{"day":"11.09","sure_cnt":92271,"die_cnt":4748,"cure_cnt":86925,"doubt_cnt":2,"fullDay":20201109},{"day":"11.10","sure_cnt":92299,"die_cnt":4749,"cure_cnt":86955,"doubt_cnt":1,"fullDay":20201110},{"day":"11.11","sure_cnt":92336,"die_cnt":4749,"cure_cnt":86985,"doubt_cnt":2,"fullDay":20201111},{"day":"11.12","sure_cnt":92372,"die_cnt":4749,"cure_cnt":87027,"doubt_cnt":2,"fullDay":20201112},{"day":"11.13","sure_cnt":92404,"die_cnt":4749,"cure_cnt":87059,"doubt_cnt":1,"fullDay":20201113},{"day":"11.14","sure_cnt":92428,"die_cnt":4749,"cure_cnt":87087,"doubt_cnt":2,"fullDay":20201114},{"day":"11.15","sure_cnt":92452,"die_cnt":4749,"cure_cnt":87114,"doubt_cnt":3,"fullDay":20201115},{"day":"11.16","sure_cnt":92476,"die_cnt":4749,"cure_cnt":87154,"doubt_cnt":2,"fullDay":20201116},{"day":"11.17","sure_cnt":92490,"die_cnt":4749,"cure_cnt":87208,"doubt_cnt":0,"fullDay":20201117},{"day":"11.18","sure_cnt":92513,"die_cnt":4749,"cure_cnt":87244,"doubt_cnt":0,"fullDay":20201118},{"day":"11.19","sure_cnt":92544,"die_cnt":4749,"cure_cnt":87277,"doubt_cnt":1,"fullDay":20201119},{"day":"11.20","sure_cnt":92588,"die_cnt":4749,"cure_cnt":87303,"doubt_cnt":0,"fullDay":20201120},{"day":"11.21","sure_cnt":92648,"die_cnt":4749,"cure_cnt":87321,"doubt_cnt":0,"fullDay":20201121},{"day":"11.22","sure_cnt":92733,"die_cnt":4749,"cure_cnt":87346,"doubt_cnt":0,"fullDay":20201122},{"day":"11.23","sure_cnt":92829,"die_cnt":4749,"cure_cnt":87370,"doubt_cnt":1,"fullDay":20201123},{"day":"11.24","sure_cnt":92914,"die_cnt":4749,"cure_cnt":87399,"doubt_cnt":2,"fullDay":20201124},{"day":"11.25","sure_cnt":93025,"die_cnt":4749,"cure_cnt":87444,"doubt_cnt":5,"fullDay":20201125},{"day":"11.26","sure_cnt":93113,"die_cnt":4749,"cure_cnt":87459,"doubt_cnt":4,"fullDay":20201126},{"day":"11.27","sure_cnt":93225,"die_cnt":4749,"cure_cnt":87496,"doubt_cnt":4,"fullDay":20201127},{"day":"11.28","sure_cnt":93329,"die_cnt":4750,"cure_cnt":87528,"doubt_cnt":7,"fullDay":20201128}],"provinceArray":[{"totalCured":63630,"totalDeath":4512,"totalIncrease":0,"cityArray":[{"totalCured":46471,"totalDeath":3869,"totalIncrease":0,"childStatistic":"武汉","totalDoubtful":0,"totalConfirmed":50340},{"totalCured":3389,"totalDeath":129,"totalIncrease":0,"childStatistic":"孝感","totalDoubtful":0,"totalConfirmed":3518},{"totalCured":2782,"totalDeath":125,"totalIncrease":0,"childStatistic":"黄冈","totalDoubtful":0,"totalConfirmed":2907},{"totalCured":1528,"totalDeath":52,"totalIncrease":0,"childStatistic":"荆州","totalDoubtful":0,"totalConfirmed":1580},{"totalCured":1335,"totalDeath":59,"totalIncrease":0,"childStatistic":"鄂州","totalDoubtful":0,"totalConfirmed":1394},{"totalCured":1262,"totalDeath":45,"totalIncrease":0,"childStatistic":"随州","totalDoubtful":0,"totalConfirmed":1307},{"totalCured":1135,"totalDeath":40,"totalIncrease":0,"childStatistic":"襄阳","totalDoubtful":0,"totalConfirmed":1175},{"totalCured":976,"totalDeath":39,"totalIncrease":0,"childStatistic":"黄石","totalDoubtful":0,"totalConfirmed":1015},{"totalCured":894,"totalDeath":37,"totalIncrease":0,"childStatistic":"宜昌","totalDoubtful":0,"totalConfirmed":931},{"totalCured":887,"totalDeath":41,"totalIncrease":0,"childStatistic":"荆门","totalDoubtful":0,"totalConfirmed":928},{"totalCured":821,"totalDeath":15,"totalIncrease":0,"childStatistic":"咸宁","totalDoubtful":0,"totalConfirmed":836},{"totalCured":664,"totalDeath":8,"totalIncrease":0,"childStatistic":"十堰","totalDoubtful":0,"totalConfirmed":672},{"totalCured":553,"totalDeath":22,"totalIncrease":0,"childStatistic":"仙桃","totalDoubtful":0,"totalConfirmed":575},{"totalCured":481,"totalDeath":15,"totalIncrease":0,"childStatistic":"天门","totalDoubtful":0,"totalConfirmed":496},{"totalCured":245,"totalDeath":7,"totalIncrease":0,"childStatistic":"恩施","totalDoubtful":0,"totalConfirmed":252},{"totalCured":189,"totalDeath":9,"totalIncrease":0,"childStatistic":"潜江","totalDoubtful":0,"totalConfirmed":198},{"totalCured":7,"totalDeath":0,"totalIncrease":0,"childStatistic":"境外输入","totalDoubtful":0,"totalConfirmed":13},{"totalCured":11,"totalDeath":0,"totalIncrease":0,"childStatistic":"神农架林区","totalDoubtful":0,"totalConfirmed":11}],"childStatistic":"湖北省","totalDoubtful":0,"totalConfirmed":68148},{"totalCured":5328,"totalDeath":109,"totalIncrease":0,"cityArray":[{"totalCured":5328,"totalDeath":109,"totalIncrease":0,"childStatistic":"中国香港","totalDoubtful":0,"totalConfirmed":6123}],"childStatistic":"中国香港","totalDoubtful":0,"totalConfirmed":6123},{"totalCured":1947,"totalDeath":8,"totalIncrease":0,"cityArray":[{"totalCured":843,"totalDeath":1,"totalIncrease":0,"childStatistic":"广州","totalDoubtful":0,"totalConfirmed":872},{"totalCured":468,"totalDeath":3,"totalIncrease":0,"childStatistic":"深圳","totalDoubtful":0,"totalConfirmed":471},{"totalCured":109,"totalDeath":1,"totalIncrease":0,"childStatistic":"珠海","totalDoubtful":0,"totalConfirmed":110},{"totalCured":102,"totalDeath":0,"totalIncrease":0,"childStatistic":"佛山","totalDoubtful":0,"totalConfirmed":102},{"totalCured":100,"totalDeath":1,"totalIncrease":0,"childStatistic":"东莞","totalDoubtful":0,"totalConfirmed":101},{"totalCured":69,"totalDeath":0,"totalIncrease":0,"childStatistic":"中山","totalDoubtful":0,"totalConfirmed":69},{"totalCured":62,"totalDeath":0,"totalIncrease":0,"childStatistic":"惠州","totalDoubtful":0,"totalConfirmed":62},{"totalCured":30,"totalDeath":0,"totalIncrease":0,"childStatistic":"湛江","totalDoubtful":0,"totalConfirmed":30},{"totalCured":26,"totalDeath":0,"totalIncrease":0,"childStatistic":"汕头","totalDoubtful":0,"totalConfirmed":26},{"totalCured":24,"totalDeath":0,"totalIncrease":0,"childStatistic":"江门","totalDoubtful":0,"totalConfirmed":24},{"totalCured":19,"totalDeath":1,"totalIncrease":0,"childStatistic":"肇庆","totalDoubtful":0,"totalConfirmed":20},{"totalCured":14,"totalDeath":0,"totalIncrease":0,"childStatistic":"茂名","totalDoubtful":0,"totalConfirmed":17},{"totalCured":17,"totalDeath":0,"totalIncrease":0,"childStatistic":"梅州","totalDoubtful":0,"totalConfirmed":17},{"totalCured":14,"totalDeath":0,"totalIncrease":0,"childStatistic":"阳江","totalDoubtful":0,"totalConfirmed":16},{"totalCured":12,"totalDeath":0,"totalIncrease":0,"childStatistic":"清远","totalDoubtful":0,"totalConfirmed":12},{"totalCured":11,"totalDeath":0,"totalIncrease":0,"childStatistic":"揭阳","totalDoubtful":0,"totalConfirmed":11},{"totalCured":9,"totalDeath":1,"totalIncrease":0,"childStatistic":"韶关","totalDoubtful":0,"totalConfirmed":10},{"totalCured":7,"totalDeath":0,"totalIncrease":0,"childStatistic":"潮州","totalDoubtful":0,"totalConfirmed":7},{"totalCured":6,"totalDeath":0,"totalIncrease":0,"childStatistic":"汕尾","totalDoubtful":0,"totalConfirmed":6},{"totalCured":5,"totalDeath":0,"totalIncrease":0,"childStatistic":"河源","totalDoubtful":0,"totalConfirmed":5}],"childStatistic":"广东省","totalDoubtful":0,"totalConfirmed":1988},{"totalCured":1266,"totalDeath":7,"totalIncrease":0,"cityArray":[{"totalCured":931,"totalDeath":0,"totalIncrease":0,"childStatistic":"境外输入","totalDoubtful":0,"totalConfirmed":976},{"totalCured":112,"totalDeath":1,"totalIncrease":0,"childStatistic":"外地来沪人员","totalDoubtful":0,"totalConfirmed":113},{"totalCured":61,"totalDeath":0,"totalIncrease":0,"childStatistic":"浦东新区","totalDoubtful":0,"totalConfirmed":68},{"totalCured":21,"totalDeath":1,"totalIncrease":0,"childStatistic":"宝山区","totalDoubtful":0,"totalConfirmed":22},{"totalCured":19,"totalDeath":0,"totalIncrease":0,"childStatistic":"闵行区","totalDoubtful":0,"totalConfirmed":19},{"totalCured":17,"totalDeath":1,"totalIncrease":0,"childStatistic":"徐汇区","totalDoubtful":0,"totalConfirmed":18},{"totalCured":15,"totalDeath":1,"totalIncrease":0,"childStatistic":"静安区","totalDoubtful":0,"totalConfirmed":16},{"totalCured":14,"totalDeath":0,"totalIncrease":0,"childStatistic":"松江区","totalDoubtful":0,"totalConfirmed":14},{"totalCured":13,"totalDeath":0,"totalIncrease":0,"childStatistic":"长宁区","totalDoubtful":0,"totalConfirmed":13},{"totalCured":11,"totalDeath":0,"totalIncrease":0,"childStatistic":"普陀区","totalDoubtful":0,"totalConfirmed":11},{"totalCured":7,"totalDeath":2,"totalIncrease":0,"childStatistic":"嘉定区","totalDoubtful":0,"totalConfirmed":9},{"totalCured":9,"totalDeath":0,"totalIncrease":0,"childStatistic":"奉贤区","totalDoubtful":0,"totalConfirmed":9},{"totalCured":9,"totalDeath":0,"totalIncrease":0,"childStatistic":"杨浦区","totalDoubtful":0,"totalConfirmed":9},{"totalCured":7,"totalDeath":0,"totalIncrease":0,"childStatistic":"虹口区","totalDoubtful":0,"totalConfirmed":7},{"totalCured":5,"totalDeath":1,"totalIncrease":0,"childStatistic":"黄浦区","totalDoubtful":0,"totalConfirmed":6},{"totalCured":6,"totalDeath":0,"totalIncrease":0,"childStatistic":"青浦区","totalDoubtful":0,"totalConfirmed":6},{"totalCured":4,"totalDeath":0,"totalIncrease":0,"childStatistic":"金山区","totalDoubtful":0,"totalConfirmed":4},{"totalCured":4,"totalDeath":0,"totalIncrease":0,"childStatistic":"崇明区","totalDoubtful":0,"totalConfirmed":4},{"totalCured":1,"totalDeath":0,"totalIncrease":0,"childStatistic":"境外来沪人员","totalDoubtful":0,"totalConfirmed":1}],"childStatistic":"上海市","totalDoubtful":0,"totalConfirmed":1325},{"totalCured":1283,"totalDeath":1,"totalIncrease":0,"cityArray":[{"totalCured":503,"totalDeath":1,"totalIncrease":0,"childStatistic":"温州","totalDoubtful":0,"totalConfirmed":504},{"totalCured":181,"totalDeath":0,"totalIncrease":0,"childStatistic":"杭州","totalDoubtful":0,"totalConfirmed":181},{"totalCured":157,"totalDeath":0,"totalIncrease":0,"childStatistic":"宁波","totalDoubtful":0,"totalConfirmed":157},{"totalCured":147,"totalDeath":0,"totalIncrease":0,"childStatistic":"台州","totalDoubtful":0,"totalConfirmed":147},{"totalCured":65,"totalDeath":0,"totalIncrease":0,"childStatistic":"境外输入","totalDoubtful":0,"totalConfirmed":75},{"totalCured":55,"totalDeath":0,"totalIncrease":0,"childStatistic":"金华","totalDoubtful":0,"totalConfirmed":55},{"totalCured":46,"totalDeath":0,"totalIncrease":0,"childStatistic":"嘉兴","totalDoubtful":0,"totalConfirmed":46},{"totalCured":42,"totalDeath":0,"totalIncrease":0,"childStatistic":"绍兴","totalDoubtful":0,"totalConfirmed":42},{"totalCured":36,"totalDeath":0,"totalIncrease":0,"childStatistic":"省十里丰监狱","totalDoubtful":0,"totalConfirmed":36},{"totalCured":17,"totalDeath":0,"totalIncrease":0,"childStatistic":"丽水","totalDoubtful":0,"totalConfirmed":17},{"totalCured":14,"totalDeath":0,"totalIncrease":0,"childStatistic":"衢州","totalDoubtful":0,"totalConfirmed":14},{"totalCured":10,"totalDeath":0,"totalIncrease":0,"childStatistic":"湖州","totalDoubtful":0,"totalConfirmed":10},{"totalCured":10,"totalDeath":0,"totalIncrease":0,"childStatistic":"舟山","totalDoubtful":0,"totalConfirmed":10}],"childStatistic":"浙江省","totalDoubtful":0,"totalConfirmed":1294},{"totalCured":1261,"totalDeath":22,"totalIncrease":0,"cityArray":[{"totalCured":272,"totalDeath":2,"totalIncrease":0,"childStatistic":"信阳","totalDoubtful":0,"totalConfirmed":274},{"totalCured":152,"totalDeath":5,"totalIncrease":0,"childStatistic":"郑州","totalDoubtful":0,"totalConfirmed":157},{"totalCured":153,"totalDeath":3,"totalIncrease":0,"childStatistic":"南阳","totalDoubtful":0,"totalConfirmed":156},{"totalCured":139,"totalDeath":0,"totalIncrease":0,"childStatistic":"驻马店","totalDoubtful":0,"totalConfirmed":139},{"totalCured":88,"totalDeath":3,"totalIncrease":0,"childStatistic":"商丘","totalDoubtful":0,"totalConfirmed":91},{"totalCured":75,"totalDeath":1,"totalIncrease":0,"childStatistic":"周口","totalDoubtful":0,"totalConfirmed":76},{"totalCured":57,"totalDeath":1,"totalIncrease":0,"childStatistic":"平顶山","totalDoubtful":0,"totalConfirmed":58},{"totalCured":54,"totalDeath":3,"totalIncrease":0,"childStatistic":"新乡","totalDoubtful":0,"totalConfirmed":57},{"totalCured":53,"totalDeath":0,"totalIncrease":0,"childStatistic":"安阳","totalDoubtful":0,"totalConfirmed":53},{"totalCured":38,"totalDeath":1,"totalIncrease":0,"childStatistic":"许昌","totalDoubtful":0,"totalConfirmed":39},{"totalCured":36,"totalDeath":0,"totalIncrease":0,"childStatistic":"漯河","totalDoubtful":0,"totalConfirmed":36},{"totalCured":31,"totalDeath":1,"totalIncrease":0,"childStatistic":"焦作","totalDoubtful":0,"totalConfirmed":32},{"totalCured":30,"totalDeath":1,"totalIncrease":0,"childStatistic":"洛阳","totalDoubtful":0,"totalConfirmed":31},{"totalCured":26,"totalDeath":0,"totalIncrease":0,"childStatistic":"开封","totalDoubtful":0,"totalConfirmed":26},{"totalCured":19,"totalDeath":0,"totalIncrease":0,"childStatistic":"鹤壁","totalDoubtful":0,"totalConfirmed":19},{"totalCured":17,"totalDeath":0,"totalIncrease":0,"childStatistic":"濮阳","totalDoubtful":0,"totalConfirmed":17},{"totalCured":10,"totalDeath":0,"totalIncrease":0,"childStatistic":"境外输入","totalDoubtful":0,"totalConfirmed":16},{"totalCured":6,"totalDeath":1,"totalIncrease":0,"childStatistic":"三门峡","totalDoubtful":0,"totalConfirmed":7},{"totalCured":5,"totalDeath":0,"totalIncrease":0,"childStatistic":"济源示范区","totalDoubtful":0,"totalConfirmed":5}],"childStatistic":"河南省","totalDoubtful":0,"totalConfirmed":1289},{"totalCured":1016,"totalDeath":4,"totalIncrease":0,"cityArray":[{"totalCured":240,"totalDeath":2,"totalIncrease":0,"childStatistic":"长沙","totalDoubtful":0,"totalConfirmed":242},{"totalCured":155,"totalDeath":1,"totalIncrease":0,"childStatistic":"岳阳","totalDoubtful":0,"totalConfirmed":156},{"totalCured":101,"totalDeath":1,"totalIncrease":0,"childStatistic":"邵阳","totalDoubtful":0,"totalConfirmed":102},{"totalCured":82,"totalDeath":0,"totalIncrease":0,"childStatistic":"常德","totalDoubtful":0,"totalConfirmed":82},{"totalCured":80,"totalDeath":0,"totalIncrease":0,"childStatistic":"株洲","totalDoubtful":0,"totalConfirmed":80},{"totalCured":76,"totalDeath":0,"totalIncrease":0,"childStatistic":"娄底","totalDoubtful":0,"totalConfirmed":76},{"totalCured":60,"totalDeath":0,"totalIncrease":0,"childStatistic":"益阳","totalDoubtful":0,"totalConfirmed":60},{"totalCured":48,"totalDeath":0,"totalIncrease":0,"childStatistic":"衡阳","totalDoubtful":0,"totalConfirmed":48},{"totalCured":44,"totalDeath":0,"totalIncrease":0,"childStatistic":"永州","totalDoubtful":0,"totalConfirmed":44},{"totalCured":40,"totalDeath":0,"totalIncrease":0,"childStatistic":"怀化","totalDoubtful":0,"totalConfirmed":40},{"totalCured":39,"totalDeath":0,"totalIncrease":0,"childStatistic":"郴州","totalDoubtful":0,"totalConfirmed":39},{"totalCured":36,"totalDeath":0,"totalIncrease":0,"childStatistic":"湘潭","totalDoubtful":0,"totalConfirmed":36},{"totalCured":8,"totalDeath":0,"totalIncrease":0,"childStatistic":"湘西自治州","totalDoubtful":0,"totalConfirmed":8},{"totalCured":5,"totalDeath":0,"totalIncrease":0,"childStatistic":"张家界","totalDoubtful":0,"totalConfirmed":5},{"totalCured":2,"totalDeath":0,"totalIncrease":0,"childStatistic":"境外输入","totalDoubtful":0,"totalConfirmed":2}],"childStatistic":"湖南省","totalDoubtful":0,"totalConfirmed":1020},{"totalCured":986,"totalDeath":6,"totalIncrease":0,"cityArray":[{"totalCured":173,"totalDeath":1,"totalIncrease":0,"childStatistic":"合肥","totalDoubtful":0,"totalConfirmed":174},{"totalCured":155,"totalDeath":5,"totalIncrease":0,"childStatistic":"蚌埠","totalDoubtful":0,"totalConfirmed":160},{"totalCured":156,"totalDeath":0,"totalIncrease":0,"childStatistic":"阜阳","totalDoubtful":0,"totalConfirmed":156},{"totalCured":108,"totalDeath":0,"totalIncrease":0,"childStatistic":"亳州","totalDoubtful":0,"totalConfirmed":108},{"totalCured":83,"totalDeath":0,"totalIncrease":0,"childStatistic":"安庆","totalDoubtful":0,"totalConfirmed":83},{"totalCured":69,"totalDeath":0,"totalIncrease":0,"childStatistic":"六安","totalDoubtful":0,"totalConfirmed":69},{"totalCured":41,"totalDeath":0,"totalIncrease":0,"childStatistic":"宿州","totalDoubtful":0,"totalConfirmed":41},{"totalCured":38,"totalDeath":0,"totalIncrease":0,"childStatistic":"马鞍山","totalDoubtful":0,"totalConfirmed":38},{"totalCured":34,"totalDeath":0,"totalIncrease":0,"childStatistic":"芜湖","totalDoubtful":0,"totalConfirmed":34},{"totalCured":29,"totalDeath":0,"totalIncrease":0,"childStatistic":"铜陵","totalDoubtful":0,"totalConfirmed":29},{"totalCured":27,"totalDeath":0,"totalIncrease":0,"childStatistic":"淮南","totalDoubtful":0,"totalConfirmed":27},{"totalCured":27,"totalDeath":0,"totalIncrease":0,"childStatistic":"淮北","totalDoubtful":0,"totalConfirmed":27},{"totalCured":17,"totalDeath":0,"totalIncrease":0,"childStatistic":"池州","totalDoubtful":0,"totalConfirmed":17},{"totalCured":13,"totalDeath":0,"totalIncrease":0,"childStatistic":"滁州","totalDoubtful":0,"totalConfirmed":13},{"totalCured":9,"totalDeath":0,"totalIncrease":0,"childStatistic":"黄山","totalDoubtful":0,"totalConfirmed":9},{"totalCured":6,"totalDeath":0,"totalIncrease":0,"childStatistic":"宣城","totalDoubtful":0,"totalConfirmed":6},{"totalCured":1,"totalDeath":0,"totalIncrease":0,"childStatistic":"境外输入","totalDoubtful":0,"totalConfirmed":1}],"childStatistic":"安徽省","totalDoubtful":0,"totalConfirmed":992},{"totalCured":977,"totalDeath":3,"totalIncrease":0,"cityArray":[{"totalCured":845,"totalDeath":0,"totalIncrease":0,"childStatistic":"乌鲁木齐","totalDoubtful":0,"totalConfirmed":845},{"totalCured":80,"totalDeath":0,"totalIncrease":0,"childStatistic":"喀什地区","totalDoubtful":0,"totalConfirmed":80},{"totalCured":18,"totalDeath":0,"totalIncrease":0,"childStatistic":"伊犁州","totalDoubtful":0,"totalConfirmed":18},{"totalCured":9,"totalDeath":1,"totalIncrease":0,"childStatistic":"兵团第四师","totalDoubtful":0,"totalConfirmed":10},{"totalCured":5,"totalDeath":0,"totalIncrease":0,"childStatistic":"昌吉州","totalDoubtful":0,"totalConfirmed":5},{"totalCured":3,"totalDeath":1,"totalIncrease":0,"childStatistic":"兵团第九师","totalDoubtful":0,"totalConfirmed":4},{"totalCured":3,"totalDeath":1,"totalIncrease":0,"childStatistic":"兵团第八师石河子","totalDoubtful":0,"totalConfirmed":4},{"totalCured":3,"totalDeath":0,"totalIncrease":0,"childStatistic":"吐鲁番","totalDoubtful":0,"totalConfirmed":3},{"totalCured":3,"totalDeath":0,"totalIncrease":0,"childStatistic":"巴州","totalDoubtful":0,"totalConfirmed":3},{"totalCured":3,"totalDeath":0,"totalIncrease":0,"childStatistic":"兵团第十二师","totalDoubtful":0,"totalConfirmed":3},{"totalCured":2,"totalDeath":0,"totalIncrease":0,"childStatistic":"兵团第六师五家渠","totalDoubtful":0,"totalConfirmed":2},{"totalCured":1,"totalDeath":0,"totalIncrease":0,"childStatistic":"待确认地区","totalDoubtful":0,"totalConfirmed":1},{"totalCured":1,"totalDeath":0,"totalIncrease":0,"childStatistic":"兵团第七师","totalDoubtful":0,"totalConfirmed":1},{"totalCured":1,"totalDeath":0,"totalIncrease":0,"childStatistic":"阿克苏地区","totalDoubtful":0,"totalConfirmed":1}],"childStatistic":"新疆维吾尔自治区","totalDoubtful":0,"totalConfirmed":980},{"totalCured":937,"totalDeath":9,"totalIncrease":0,"cityArray":[{"totalCured":3,"totalDeath":0,"totalIncrease":0,"childStatistic":"丰台区","totalDoubtful":0,"totalConfirmed":273},{"totalCured":186,"totalDeath":0,"totalIncrease":0,"childStatistic":"境外输入","totalDoubtful":0,"totalConfirmed":191},{"totalCured":16,"totalDeath":0,"totalIncrease":0,"childStatistic":"大兴区","totalDoubtful":0,"totalConfirmed":104},{"totalCured":0,"totalDeath":0,"totalIncrease":0,"childStatistic":"海淀区","totalDoubtful":0,"totalConfirmed":82},{"totalCured":2,"totalDeath":0,"totalIncrease":0,"childStatistic":"朝阳区","totalDoubtful":0,"totalConfirmed":77},{"totalCured":1,"totalDeath":0,"totalIncrease":0,"childStatistic":"西城区","totalDoubtful":0,"totalConfirmed":59},{"totalCured":6,"totalDeath":0,"totalIncrease":0,"childStatistic":"昌平区","totalDoubtful":0,"totalConfirmed":30},{"totalCured":2,"totalDeath":0,"totalIncrease":0,"childStatistic":"来京人士","totalDoubtful":0,"totalConfirmed":25},{"totalCured":0,"totalDeath":0,"totalIncrease":0,"childStatistic":"通州区","totalDoubtful":0,"totalConfirmed":20},{"totalCured":0,"totalDeath":0,"totalIncrease":0,"childStatistic":"房山区","totalDoubtful":0,"totalConfirmed":20},{"totalCured":1,"totalDeath":0,"totalIncrease":0,"childStatistic":"东城区","totalDoubtful":0,"totalConfirmed":19},{"totalCured":0,"totalDeath":0,"totalIncrease":0,"childStatistic":"石景山区","totalDoubtful":0,"totalConfirmed":15},{"totalCured":10,"totalDeath":0,"totalIncrease":0,"childStatistic":"顺义区","totalDoubtful":0,"totalConfirmed":10},{"totalCured":0,"totalDeath":0,"totalIncrease":0,"childStatistic":"怀柔区","totalDoubtful":0,"totalConfirmed":7},{"totalCured":0,"totalDeath":0,"totalIncrease":0,"childStatistic":"密云区","totalDoubtful":0,"totalConfirmed":7},{"totalCured":710,"totalDeath":9,"totalIncrease":0,"childStatistic":"待确认地区","totalDoubtful":0,"totalConfirmed":5},{"totalCured":0,"totalDeath":0,"totalIncrease":0,"childStatistic":"门头沟区","totalDoubtful":0,"totalConfirmed":5},{"totalCured":0,"totalDeath":0,"totalIncrease":0,"childStatistic":"延庆区","totalDoubtful":0,"totalConfirmed":1}],"childStatistic":"北京市","totalDoubtful":0,"totalConfirmed":950},{"totalCured":936,"totalDeath":13,"totalIncrease":0,"cityArray":[{"totalCured":388,"totalDeath":0,"totalIncrease":0,"childStatistic":"境外输入","totalDoubtful":0,"totalConfirmed":388},{"totalCured":260,"totalDeath":4,"totalIncrease":0,"childStatistic":"哈尔滨","totalDoubtful":0,"totalConfirmed":264},{"totalCured":49,"totalDeath":3,"totalIncrease":0,"childStatistic":"双鸭山","totalDoubtful":0,"totalConfirmed":52},{"totalCured":43,"totalDeath":4,"totalIncrease":0,"childStatistic":"绥化","totalDoubtful":0,"totalConfirmed":47},{"totalCured":46,"totalDeath":0,"totalIncrease":0,"childStatistic":"鸡西","totalDoubtful":0,"totalConfirmed":46},{"totalCured":42,"totalDeath":1,"totalIncrease":0,"childStatistic":"齐齐哈尔","totalDoubtful":0,"totalConfirmed":43},{"totalCured":26,"totalDeath":1,"totalIncrease":0,"childStatistic":"大庆","totalDoubtful":0,"totalConfirmed":27},{"totalCured":25,"totalDeath":0,"totalIncrease":0,"childStatistic":"牡丹江","totalDoubtful":0,"totalConfirmed":25},{"totalCured":17,"totalDeath":0,"totalIncrease":0,"childStatistic":"七台河","totalDoubtful":0,"totalConfirmed":17},{"totalCured":15,"totalDeath":0,"totalIncrease":0,"childStatistic":"佳木斯","totalDoubtful":0,"totalConfirmed":15},{"totalCured":14,"totalDeath":0,"totalIncrease":0,"childStatistic":"黑河","totalDoubtful":0,"totalConfirmed":14},{"totalCured":5,"totalDeath":0,"totalIncrease":0,"childStatistic":"鹤岗","totalDoubtful":0,"totalConfirmed":5},{"totalCured":3,"totalDeath":0,"totalIncrease":0,"childStatistic":"大兴安岭","totalDoubtful":0,"totalConfirmed":3},{"totalCured":2,"totalDeath":0,"totalIncrease":0,"childStatistic":"待确认地区","totalDoubtful":0,"totalConfirmed":2},{"totalCured":1,"totalDeath":0,"totalIncrease":0,"childStatistic":"伊春","totalDoubtful":0,"totalConfirmed":1}],"childStatistic":"黑龙江省","totalDoubtful":0,"totalConfirmed":949},{"totalCured":934,"totalDeath":1,"totalIncrease":0,"cityArray":[{"totalCured":230,"totalDeath":0,"totalIncrease":0,"childStatistic":"南昌","totalDoubtful":0,"totalConfirmed":230},{"totalCured":129,"totalDeath":0,"totalIncrease":0,"childStatistic":"新余","totalDoubtful":0,"totalConfirmed":129},{"totalCured":123,"totalDeath":0,"totalIncrease":0,"childStatistic":"上饶","totalDoubtful":0,"totalConfirmed":123},{"totalCured":116,"totalDeath":0,"totalIncrease":0,"childStatistic":"九江","totalDoubtful":0,"totalConfirmed":116},{"totalCured":106,"totalDeath":0,"totalIncrease":0,"childStatistic":"宜春","totalDoubtful":0,"totalConfirmed":106},{"totalCured":73,"totalDeath":1,"totalIncrease":0,"childStatistic":"赣州","totalDoubtful":0,"totalConfirmed":74},{"totalCured":72,"totalDeath":0,"totalIncrease":0,"childStatistic":"抚州","totalDoubtful":0,"totalConfirmed":72},{"totalCured":33,"totalDeath":0,"totalIncrease":0,"childStatistic":"萍乡","totalDoubtful":0,"totalConfirmed":33},{"totalCured":22,"totalDeath":0,"totalIncrease":0,"childStatistic":"吉安","totalDoubtful":0,"totalConfirmed":22},{"totalCured":18,"totalDeath":0,"totalIncrease":0,"childStatistic":"鹰潭","totalDoubtful":0,"totalConfirmed":18},{"totalCured":6,"totalDeath":0,"totalIncrease":0,"childStatistic":"景德镇","totalDoubtful":0,"totalConfirmed":6},{"totalCured":5,"totalDeath":0,"totalIncrease":0,"childStatistic":"境外输入","totalDoubtful":0,"totalConfirmed":5},{"totalCured":1,"totalDeath":0,"totalIncrease":0,"childStatistic":"赣江新区","totalDoubtful":0,"totalConfirmed":1}],"childStatistic":"江西省","totalDoubtful":0,"totalConfirmed":935},{"totalCured":841,"totalDeath":7,"totalIncrease":0,"cityArray":[{"totalCured":260,"totalDeath":0,"totalIncrease":0,"childStatistic":"济宁","totalDoubtful":0,"totalConfirmed":260},{"totalCured":78,"totalDeath":1,"totalIncrease":0,"childStatistic":"青岛","totalDoubtful":0,"totalConfirmed":79},{"totalCured":71,"totalDeath":0,"totalIncrease":0,"childStatistic":"境外输入","totalDoubtful":0,"totalConfirmed":72},{"totalCured":49,"totalDeath":0,"totalIncrease":0,"childStatistic":"临沂","totalDoubtful":0,"totalConfirmed":49},{"totalCured":47,"totalDeath":0,"totalIncrease":0,"childStatistic":"济南","totalDoubtful":0,"totalConfirmed":47},{"totalCured":47,"totalDeath":0,"totalIncrease":0,"childStatistic":"烟台","totalDoubtful":0,"totalConfirmed":47},{"totalCured":44,"totalDeath":0,"totalIncrease":0,"childStatistic":"潍坊","totalDoubtful":0,"totalConfirmed":44},{"totalCured":37,"totalDeath":1,"totalIncrease":0,"childStatistic":"威海","totalDoubtful":0,"totalConfirmed":38},{"totalCured":38,"totalDeath":0,"totalIncrease":0,"childStatistic":"聊城","totalDoubtful":0,"totalConfirmed":38},{"totalCured":35,"totalDeath":2,"totalIncrease":0,"childStatistic":"德州","totalDoubtful":0,"totalConfirmed":37},{"totalCured":33,"totalDeath":2,"totalIncrease":0,"childStatistic":"泰安","totalDoubtful":0,"totalConfirmed":35},{"totalCured":29,"totalDeath":1,"totalIncrease":0,"childStatistic":"淄博","totalDoubtful":0,"totalConfirmed":30},{"totalCured":24,"totalDeath":0,"totalIncrease":0,"childStatistic":"枣庄","totalDoubtful":0,"totalConfirmed":24},{"totalCured":18,"totalDeath":0,"totalIncrease":0,"childStatistic":"菏泽","totalDoubtful":0,"totalConfirmed":18},{"totalCured":16,"totalDeath":0,"totalIncrease":0,"childStatistic":"日照","totalDoubtful":0,"totalConfirmed":16},{"totalCured":15,"totalDeath":0,"totalIncrease":0,"childStatistic":"滨州","totalDoubtful":0,"totalConfirmed":15}],"childStatistic":"山东省","totalDoubtful":0,"totalConfirmed":849},{"totalCured":760,"totalDeath":3,"totalIncrease":0,"cityArray":[{"totalCured":363,"totalDeath":3,"totalIncrease":0,"childStatistic":"成都","totalDoubtful":0,"totalConfirmed":406},{"totalCured":78,"totalDeath":0,"totalIncrease":0,"childStatistic":"甘孜州","totalDoubtful":0,"totalConfirmed":78},{"totalCured":42,"totalDeath":0,"totalIncrease":0,"childStatistic":"达州","totalDoubtful":0,"totalConfirmed":42},{"totalCured":39,"totalDeath":0,"totalIncrease":0,"childStatistic":"南充","totalDoubtful":0,"totalConfirmed":39},{"totalCured":30,"totalDeath":0,"totalIncrease":0,"childStatistic":"广安","totalDoubtful":0,"totalConfirmed":30},{"totalCured":24,"totalDeath":0,"totalIncrease":0,"childStatistic":"巴中","totalDoubtful":0,"totalConfirmed":24},{"totalCured":24,"totalDeath":0,"totalIncrease":0,"childStatistic":"泸州","totalDoubtful":0,"totalConfirmed":24},{"totalCured":22,"totalDeath":0,"totalIncrease":0,"childStatistic":"绵阳","totalDoubtful":0,"totalConfirmed":22},{"totalCured":22,"totalDeath":0,"totalIncrease":0,"childStatistic":"内江","totalDoubtful":0,"totalConfirmed":22},{"totalCured":18,"totalDeath":0,"totalIncrease":0,"childStatistic":"德阳","totalDoubtful":0,"totalConfirmed":18},{"totalCured":17,"totalDeath":0,"totalIncrease":0,"childStatistic":"遂宁","totalDoubtful":0,"totalConfirmed":17},{"totalCured":16,"totalDeath":0,"totalIncrease":0,"childStatistic":"攀枝花","totalDoubtful":0,"totalConfirmed":16},{"totalCured":14,"totalDeath":0,"totalIncrease":0,"childStatistic":"凉山州","totalDoubtful":0,"totalConfirmed":14},{"totalCured":12,"totalDeath":0,"totalIncrease":0,"childStatistic":"宜宾","totalDoubtful":0,"totalConfirmed":12},{"totalCured":9,"totalDeath":0,"totalIncrease":0,"childStatistic":"自贡","totalDoubtful":0,"totalConfirmed":9},{"totalCured":8,"totalDeath":0,"totalIncrease":0,"childStatistic":"雅安","totalDoubtful":0,"totalConfirmed":8},{"totalCured":8,"totalDeath":0,"totalIncrease":0,"childStatistic":"眉山","totalDoubtful":0,"totalConfirmed":8},{"totalCured":6,"totalDeath":0,"totalIncrease":0,"childStatistic":"广元","totalDoubtful":0,"totalConfirmed":6},{"totalCured":4,"totalDeath":0,"totalIncrease":0,"childStatistic":"资阳","totalDoubtful":0,"totalConfirmed":4},{"totalCured":3,"totalDeath":0,"totalIncrease":0,"childStatistic":"乐山","totalDoubtful":0,"totalConfirmed":3},{"totalCured":1,"totalDeath":0,"totalIncrease":0,"childStatistic":"阿坝州","totalDoubtful":0,"totalConfirmed":1}],"childStatistic":"四川省","totalDoubtful":0,"totalConfirmed":803},{"totalCured":672,"totalDeath":0,"totalIncrease":0,"cityArray":[{"totalCured":93,"totalDeath":0,"totalIncrease":0,"childStatistic":"南京","totalDoubtful":0,"totalConfirmed":93},{"totalCured":87,"totalDeath":0,"totalIncrease":0,"childStatistic":"苏州","totalDoubtful":0,"totalConfirmed":87},{"totalCured":79,"totalDeath":0,"totalIncrease":0,"childStatistic":"徐州","totalDoubtful":0,"totalConfirmed":79},{"totalCured":66,"totalDeath":0,"totalIncrease":0,"childStatistic":"淮安","totalDoubtful":0,"totalConfirmed":66},{"totalCured":55,"totalDeath":0,"totalIncrease":0,"childStatistic":"无锡","totalDoubtful":0,"totalConfirmed":55},{"totalCured":51,"totalDeath":0,"totalIncrease":0,"childStatistic":"常州","totalDoubtful":0,"totalConfirmed":51},{"totalCured":41,"totalDeath":0,"totalIncrease":0,"childStatistic":"境外输入","totalDoubtful":0,"totalConfirmed":49},{"totalCured":48,"totalDeath":0,"totalIncrease":0,"childStatistic":"连云港","totalDoubtful":0,"totalConfirmed":48},{"totalCured":40,"totalDeath":0,"totalIncrease":0,"childStatistic":"南通","totalDoubtful":0,"totalConfirmed":40},{"totalCured":37,"totalDeath":0,"totalIncrease":0,"childStatistic":"泰州","totalDoubtful":0,"totalConfirmed":37},{"totalCured":27,"totalDeath":0,"totalIncrease":0,"childStatistic":"盐城","totalDoubtful":0,"totalConfirmed":27},{"totalCured":23,"totalDeath":0,"totalIncrease":0,"childStatistic":"扬州","totalDoubtful":0,"totalConfirmed":23},{"totalCured":13,"totalDeath":0,"totalIncrease":0,"childStatistic":"宿迁","totalDoubtful":0,"totalConfirmed":13},{"totalCured":12,"totalDeath":0,"totalIncrease":0,"childStatistic":"镇江","totalDoubtful":0,"totalConfirmed":12}],"childStatistic":"江苏省","totalDoubtful":0,"totalConfirmed":680},{"totalCured":556,"totalDeath":7,"totalIncrease":0,"cityArray":[{"totalCured":556,"totalDeath":7,"totalIncrease":0,"childStatistic":"中国台湾","totalDoubtful":0,"totalConfirmed":648}],"childStatistic":"中国台湾","totalDoubtful":0,"totalConfirmed":648},{"totalCured":583,"totalDeath":6,"totalIncrease":0,"cityArray":[{"totalCured":114,"totalDeath":4,"totalIncrease":0,"childStatistic":"万州区","totalDoubtful":0,"totalConfirmed":118},{"totalCured":28,"totalDeath":0,"totalIncrease":0,"childStatistic":"江北区","totalDoubtful":0,"totalConfirmed":28},{"totalCured":25,"totalDeath":0,"totalIncrease":0,"childStatistic":"云阳县","totalDoubtful":0,"totalConfirmed":25},{"totalCured":23,"totalDeath":0,"totalIncrease":0,"childStatistic":"綦江区","totalDoubtful":0,"totalConfirmed":23},{"totalCured":23,"totalDeath":0,"totalIncrease":0,"childStatistic":"合川区","totalDoubtful":0,"totalConfirmed":23},{"totalCured":22,"totalDeath":0,"totalIncrease":0,"childStatistic":"长寿区","totalDoubtful":0,"totalConfirmed":22},{"totalCured":22,"totalDeath":0,"totalIncrease":0,"childStatistic":"奉节县","totalDoubtful":0,"totalConfirmed":22},{"totalCured":20,"totalDeath":1,"totalIncrease":0,"childStatistic":"九龙坡区","totalDoubtful":0,"totalConfirmed":21},{"totalCured":21,"totalDeath":0,"totalIncrease":0,"childStatistic":"忠县","totalDoubtful":0,"totalConfirmed":21},{"totalCured":20,"totalDeath":1,"totalIncrease":0,"childStatistic":"开州区","totalDoubtful":0,"totalConfirmed":21},{"totalCured":20,"totalDeath":0,"totalIncrease":0,"childStatistic":"垫江县","totalDoubtful":0,"totalConfirmed":20},{"totalCured":20,"totalDeath":0,"totalIncrease":0,"childStatistic":"渝中区","totalDoubtful":0,"totalConfirmed":20},{"totalCured":18,"totalDeath":0,"totalIncrease":0,"childStatistic":"潼南区","totalDoubtful":0,"totalConfirmed":18},{"totalCured":17,"totalDeath":0,"totalIncrease":0,"childStatistic":"两江新区","totalDoubtful":0,"totalConfirmed":17},{"totalCured":17,"totalDeath":0,"totalIncrease":0,"childStatistic":"渝北区","totalDoubtful":0,"totalConfirmed":17},{"totalCured":15,"totalDeath":0,"totalIncrease":0,"childStatistic":"南岸区","totalDoubtful":0,"totalConfirmed":15},{"totalCured":15,"totalDeath":0,"totalIncrease":0,"childStatistic":"石柱县","totalDoubtful":0,"totalConfirmed":15},{"totalCured":13,"totalDeath":0,"totalIncrease":0,"childStatistic":"境外输入","totalDoubtful":0,"totalConfirmed":14},{"totalCured":14,"totalDeath":0,"totalIncrease":0,"childStatistic":"大足区","totalDoubtful":0,"totalConfirmed":14},{"totalCured":14,"totalDeath":0,"totalIncrease":0,"childStatistic":"巫溪县","totalDoubtful":0,"totalConfirmed":14},{"totalCured":10,"totalDeath":0,"totalIncrease":0,"childStatistic":"铜梁区","totalDoubtful":0,"totalConfirmed":10},{"totalCured":10,"totalDeath":0,"totalIncrease":0,"childStatistic":"丰都县","totalDoubtful":0,"totalConfirmed":10},{"totalCured":10,"totalDeath":0,"totalIncrease":0,"childStatistic":"巫山县","totalDoubtful":0,"totalConfirmed":10},{"totalCured":9,"totalDeath":0,"totalIncrease":0,"childStatistic":"荣昌区","totalDoubtful":0,"totalConfirmed":9},{"totalCured":9,"totalDeath":0,"totalIncrease":0,"childStatistic":"沙坪坝区","totalDoubtful":0,"totalConfirmed":9},{"totalCured":9,"totalDeath":0,"totalIncrease":0,"childStatistic":"璧山区","totalDoubtful":0,"totalConfirmed":9},{"totalCured":7,"totalDeath":0,"totalIncrease":0,"childStatistic":"大渡口区","totalDoubtful":0,"totalConfirmed":7},{"totalCured":6,"totalDeath":0,"totalIncrease":0,"childStatistic":"巴南区","totalDoubtful":0,"totalConfirmed":6},{"totalCured":5,"totalDeath":0,"totalIncrease":0,"childStatistic":"涪陵区","totalDoubtful":0,"totalConfirmed":5},{"totalCured":5,"totalDeath":0,"totalIncrease":0,"childStatistic":"永川区","totalDoubtful":0,"totalConfirmed":5},{"totalCured":4,"totalDeath":0,"totalIncrease":0,"childStatistic":"梁平区","totalDoubtful":0,"totalConfirmed":4},{"totalCured":4,"totalDeath":0,"totalIncrease":0,"childStatistic":"江津区","totalDoubtful":0,"totalConfirmed":4},{"totalCured":4,"totalDeath":0,"totalIncrease":0,"childStatistic":"高新区","totalDoubtful":0,"totalConfirmed":4},{"totalCured":2,"totalDeath":0,"totalIncrease":0,"childStatistic":"彭水县","totalDoubtful":0,"totalConfirmed":2},{"totalCured":2,"totalDeath":0,"totalIncrease":0,"childStatistic":"城口县","totalDoubtful":0,"totalConfirmed":2},{"totalCured":2,"totalDeath":0,"totalIncrease":0,"childStatistic":"黔江区","totalDoubtful":0,"totalConfirmed":2},{"totalCured":1,"totalDeath":0,"totalIncrease":0,"childStatistic":"万盛经开区","totalDoubtful":0,"totalConfirmed":1},{"totalCured":1,"totalDeath":0,"totalIncrease":0,"childStatistic":"酉阳县","totalDoubtful":0,"totalConfirmed":1},{"totalCured":1,"totalDeath":0,"totalIncrease":0,"childStatistic":"武隆区","totalDoubtful":0,"totalConfirmed":1},{"totalCured":1,"totalDeath":0,"totalIncrease":0,"childStatistic":"秀山县","totalDoubtful":0,"totalConfirmed":1}],"childStatistic":"重庆市","totalDoubtful":0,"totalConfirmed":590},{"totalCured":460,"totalDeath":3,"totalIncrease":0,"cityArray":[{"totalCured":218,"totalDeath":0,"totalIncrease":0,"childStatistic":"境外输入","totalDoubtful":0,"totalConfirmed":252},{"totalCured":117,"totalDeath":3,"totalIncrease":0,"childStatistic":"西安","totalDoubtful":0,"totalConfirmed":120},{"totalCured":26,"totalDeath":0,"totalIncrease":0,"childStatistic":"汉中","totalDoubtful":0,"totalConfirmed":26},{"totalCured":26,"totalDeath":0,"totalIncrease":0,"childStatistic":"安康","totalDoubtful":0,"totalConfirmed":26},{"totalCured":17,"totalDeath":0,"totalIncrease":0,"childStatistic":"咸阳","totalDoubtful":0,"totalConfirmed":17},{"totalCured":15,"totalDeath":0,"totalIncrease":0,"childStatistic":"渭南","totalDoubtful":0,"totalConfirmed":15},{"totalCured":13,"totalDeath":0,"totalIncrease":0,"childStatistic":"宝鸡","totalDoubtful":0,"totalConfirmed":13},{"totalCured":8,"totalDeath":0,"totalIncrease":0,"childStatistic":"铜川","totalDoubtful":0,"totalConfirmed":8},{"totalCured":8,"totalDeath":0,"totalIncrease":0,"childStatistic":"延安","totalDoubtful":0,"totalConfirmed":8},{"totalCured":7,"totalDeath":0,"totalIncrease":0,"childStatistic":"商洛","totalDoubtful":0,"totalConfirmed":7},{"totalCured":3,"totalDeath":0,"totalIncrease":0,"childStatistic":"榆林","totalDoubtful":0,"totalConfirmed":3},{"totalCured":1,"totalDeath":0,"totalIncrease":0,"childStatistic":"韩城","totalDoubtful":0,"totalConfirmed":1},{"totalCured":1,"totalDeath":0,"totalIncrease":0,"childStatistic":"杨凌示范区","totalDoubtful":0,"totalConfirmed":1}],"childStatistic":"陕西省","totalDoubtful":0,"totalConfirmed":497},{"totalCured":442,"totalDeath":1,"totalIncrease":0,"cityArray":[{"totalCured":147,"totalDeath":0,"totalIncrease":0,"childStatistic":"境外输入","totalDoubtful":0,"totalConfirmed":191},{"totalCured":71,"totalDeath":1,"totalIncrease":0,"childStatistic":"福州","totalDoubtful":0,"totalConfirmed":72},{"totalCured":56,"totalDeath":0,"totalIncrease":0,"childStatistic":"莆田","totalDoubtful":0,"totalConfirmed":56},{"totalCured":47,"totalDeath":0,"totalIncrease":0,"childStatistic":"泉州","totalDoubtful":0,"totalConfirmed":47},{"totalCured":35,"totalDeath":0,"totalIncrease":0,"childStatistic":"厦门","totalDoubtful":0,"totalConfirmed":35},{"totalCured":26,"totalDeath":0,"totalIncrease":0,"childStatistic":"宁德","totalDoubtful":0,"totalConfirmed":26},{"totalCured":20,"totalDeath":0,"totalIncrease":0,"childStatistic":"漳州","totalDoubtful":0,"totalConfirmed":20},{"totalCured":20,"totalDeath":0,"totalIncrease":0,"childStatistic":"南平","totalDoubtful":0,"totalConfirmed":20},{"totalCured":14,"totalDeath":0,"totalIncrease":0,"childStatistic":"三明","totalDoubtful":0,"totalConfirmed":14},{"totalCured":6,"totalDeath":0,"totalIncrease":0,"childStatistic":"龙岩","totalDoubtful":0,"totalConfirmed":6}],"childStatistic":"福建省","totalDoubtful":0,"totalConfirmed":487},{"totalCured":366,"totalDeath":6,"totalIncrease":0,"cityArray":[{"totalCured":57,"totalDeath":1,"totalIncrease":0,"childStatistic":"唐山","totalDoubtful":0,"totalConfirmed":58},{"totalCured":46,"totalDeath":3,"totalIncrease":0,"childStatistic":"沧州","totalDoubtful":0,"totalConfirmed":49},{"totalCured":48,"totalDeath":0,"totalIncrease":0,"childStatistic":"保定","totalDoubtful":0,"totalConfirmed":48},{"totalCured":43,"totalDeath":0,"totalIncrease":0,"childStatistic":"张家口","totalDoubtful":0,"totalConfirmed":43},{"totalCured":33,"totalDeath":0,"totalIncrease":0,"childStatistic":"境外输入","totalDoubtful":0,"totalConfirmed":34},{"totalCured":32,"totalDeath":0,"totalIncrease":0,"childStatistic":"廊坊","totalDoubtful":0,"totalConfirmed":32},{"totalCured":32,"totalDeath":0,"totalIncrease":0,"childStatistic":"邯郸","totalDoubtful":0,"totalConfirmed":32},{"totalCured":29,"totalDeath":0,"totalIncrease":0,"childStatistic":"石家庄","totalDoubtful":0,"totalConfirmed":29},{"totalCured":22,"totalDeath":1,"totalIncrease":0,"childStatistic":"邢台","totalDoubtful":0,"totalConfirmed":23},{"totalCured":9,"totalDeath":1,"totalIncrease":0,"childStatistic":"秦皇岛","totalDoubtful":0,"totalConfirmed":10},{"totalCured":8,"totalDeath":0,"totalIncrease":0,"childStatistic":"衡水","totalDoubtful":0,"totalConfirmed":8},{"totalCured":7,"totalDeath":0,"totalIncrease":0,"childStatistic":"承德","totalDoubtful":0,"totalConfirmed":7}],"childStatistic":"河北省","totalDoubtful":0,"totalConfirmed":373},{"totalCured":302,"totalDeath":1,"totalIncrease":0,"cityArray":[{"totalCured":226,"totalDeath":0,"totalIncrease":0,"childStatistic":"境外输入","totalDoubtful":0,"totalConfirmed":232},{"totalCured":9,"totalDeath":0,"totalIncrease":0,"childStatistic":"呼伦贝尔","totalDoubtful":0,"totalConfirmed":20},{"totalCured":11,"totalDeath":0,"totalIncrease":0,"childStatistic":"包头","totalDoubtful":0,"totalConfirmed":11},{"totalCured":11,"totalDeath":0,"totalIncrease":0,"childStatistic":"鄂尔多斯","totalDoubtful":0,"totalConfirmed":11},{"totalCured":9,"totalDeath":0,"totalIncrease":0,"childStatistic":"锡林郭勒盟","totalDoubtful":0,"totalConfirmed":9},{"totalCured":9,"totalDeath":0,"totalIncrease":0,"childStatistic":"赤峰","totalDoubtful":0,"totalConfirmed":9},{"totalCured":7,"totalDeath":1,"totalIncrease":0,"childStatistic":"巴彦淖尔","totalDoubtful":0,"totalConfirmed":8},{"totalCured":7,"totalDeath":0,"totalIncrease":0,"childStatistic":"呼和浩特","totalDoubtful":0,"totalConfirmed":7},{"totalCured":7,"totalDeath":0,"totalIncrease":0,"childStatistic":"通辽","totalDoubtful":0,"totalConfirmed":7},{"totalCured":3,"totalDeath":0,"totalIncrease":0,"childStatistic":"乌兰察布","totalDoubtful":0,"totalConfirmed":3},{"totalCured":2,"totalDeath":0,"totalIncrease":0,"childStatistic":"乌海","totalDoubtful":0,"totalConfirmed":2},{"totalCured":1,"totalDeath":0,"totalIncrease":0,"childStatistic":"兴安盟","totalDoubtful":0,"totalConfirmed":1}],"childStatistic":"内蒙古自治区","totalDoubtful":0,"totalConfirmed":320},{"totalCured":283,"totalDeath":3,"totalIncrease":0,"cityArray":[{"totalCured":148,"totalDeath":0,"totalIncrease":0,"childStatistic":"境外输入","totalDoubtful":0,"totalConfirmed":154},{"totalCured":58,"totalDeath":2,"totalIncrease":0,"childStatistic":"宝坻区","totalDoubtful":0,"totalConfirmed":60},{"totalCured":14,"totalDeath":1,"totalIncrease":0,"childStatistic":"河东区","totalDoubtful":0,"totalConfirmed":15},{"totalCured":4,"totalDeath":0,"totalIncrease":0,"childStatistic":"滨海新区","totalDoubtful":0,"totalConfirmed":12},{"totalCured":12,"totalDeath":0,"totalIncrease":0,"childStatistic":"河北区","totalDoubtful":0,"totalConfirmed":12},{"totalCured":7,"totalDeath":0,"totalIncrease":0,"childStatistic":"北辰区","totalDoubtful":0,"totalConfirmed":7},{"totalCured":6,"totalDeath":0,"totalIncrease":0,"childStatistic":"南开区","totalDoubtful":0,"totalConfirmed":6},{"totalCured":6,"totalDeath":0,"totalIncrease":0,"childStatistic":"和平区","totalDoubtful":0,"totalConfirmed":6},{"totalCured":6,"totalDeath":0,"totalIncrease":0,"childStatistic":"外地来津人员","totalDoubtful":0,"totalConfirmed":6},{"totalCured":4,"totalDeath":0,"totalIncrease":0,"childStatistic":"宁河区","totalDoubtful":0,"totalConfirmed":4},{"totalCured":4,"totalDeath":0,"totalIncrease":0,"childStatistic":"西青区","totalDoubtful":0,"totalConfirmed":4},{"totalCured":4,"totalDeath":0,"totalIncrease":0,"childStatistic":"东丽区","totalDoubtful":0,"totalConfirmed":4},{"totalCured":4,"totalDeath":0,"totalIncrease":0,"childStatistic":"河西区","totalDoubtful":0,"totalConfirmed":4},{"totalCured":2,"totalDeath":0,"totalIncrease":0,"childStatistic":"津南区","totalDoubtful":0,"totalConfirmed":2},{"totalCured":2,"totalDeath":0,"totalIncrease":0,"childStatistic":"武清区","totalDoubtful":0,"totalConfirmed":2},{"totalCured":2,"totalDeath":0,"totalIncrease":0,"childStatistic":"红桥区","totalDoubtful":0,"totalConfirmed":2}],"childStatistic":"天津市","totalDoubtful":0,"totalConfirmed":300},{"totalCured":286,"totalDeath":2,"totalIncrease":0,"cityArray":[{"totalCured":110,"totalDeath":0,"totalIncrease":0,"childStatistic":"大连","totalDoubtful":0,"totalConfirmed":110},{"totalCured":64,"totalDeath":0,"totalIncrease":0,"childStatistic":"境外输入","totalDoubtful":0,"totalConfirmed":65},{"totalCured":34,"totalDeath":0,"totalIncrease":0,"childStatistic":"沈阳","totalDoubtful":0,"totalConfirmed":34},{"totalCured":11,"totalDeath":1,"totalIncrease":0,"childStatistic":"葫芦岛","totalDoubtful":0,"totalConfirmed":12},{"totalCured":12,"totalDeath":0,"totalIncrease":0,"childStatistic":"锦州","totalDoubtful":0,"totalConfirmed":12},{"totalCured":11,"totalDeath":0,"totalIncrease":0,"childStatistic":"丹东","totalDoubtful":0,"totalConfirmed":11},{"totalCured":11,"totalDeath":0,"totalIncrease":0,"childStatistic":"盘锦","totalDoubtful":0,"totalConfirmed":11},{"totalCured":8,"totalDeath":0,"totalIncrease":0,"childStatistic":"铁岭","totalDoubtful":0,"totalConfirmed":8},{"totalCured":8,"totalDeath":0,"totalIncrease":0,"childStatistic":"阜新","totalDoubtful":0,"totalConfirmed":8},{"totalCured":5,"totalDeath":1,"totalIncrease":0,"childStatistic":"朝阳","totalDoubtful":0,"totalConfirmed":6},{"totalCured":4,"totalDeath":0,"totalIncrease":0,"childStatistic":"鞍山","totalDoubtful":0,"totalConfirmed":4},{"totalCured":3,"totalDeath":0,"totalIncrease":0,"childStatistic":"本溪","totalDoubtful":0,"totalConfirmed":3},{"totalCured":3,"totalDeath":0,"totalIncrease":0,"childStatistic":"辽阳","totalDoubtful":0,"totalConfirmed":3},{"totalCured":1,"totalDeath":0,"totalIncrease":0,"childStatistic":"抚顺","totalDoubtful":0,"totalConfirmed":1},{"totalCured":1,"totalDeath":0,"totalIncrease":0,"childStatistic":"营口","totalDoubtful":0,"totalConfirmed":1}],"childStatistic":"辽宁省","totalDoubtful":0,"totalConfirmed":289},{"totalCured":258,"totalDeath":2,"totalIncrease":0,"cityArray":[{"totalCured":55,"totalDeath":0,"totalIncrease":0,"childStatistic":"南宁","totalDoubtful":0,"totalConfirmed":55},{"totalCured":43,"totalDeath":1,"totalIncrease":0,"childStatistic":"北海","totalDoubtful":0,"totalConfirmed":44},{"totalCured":32,"totalDeath":0,"totalIncrease":0,"childStatistic":"桂林","totalDoubtful":0,"totalConfirmed":32},{"totalCured":27,"totalDeath":1,"totalIncrease":0,"childStatistic":"河池","totalDoubtful":0,"totalConfirmed":28},{"totalCured":24,"totalDeath":0,"totalIncrease":0,"childStatistic":"柳州","totalDoubtful":0,"totalConfirmed":24},{"totalCured":19,"totalDeath":0,"totalIncrease":0,"childStatistic":"防城港","totalDoubtful":0,"totalConfirmed":19},{"totalCured":8,"totalDeath":0,"totalIncrease":0,"childStatistic":"境外输入","totalDoubtful":0,"totalConfirmed":11},{"totalCured":11,"totalDeath":0,"totalIncrease":0,"childStatistic":"来宾","totalDoubtful":0,"totalConfirmed":11},{"totalCured":11,"totalDeath":0,"totalIncrease":0,"childStatistic":"玉林","totalDoubtful":0,"totalConfirmed":11},{"totalCured":8,"totalDeath":0,"totalIncrease":0,"childStatistic":"钦州","totalDoubtful":0,"totalConfirmed":8},{"totalCured":8,"totalDeath":0,"totalIncrease":0,"childStatistic":"贵港","totalDoubtful":0,"totalConfirmed":8},{"totalCured":5,"totalDeath":0,"totalIncrease":0,"childStatistic":"梧州","totalDoubtful":0,"totalConfirmed":5},{"totalCured":4,"totalDeath":0,"totalIncrease":0,"childStatistic":"贺州","totalDoubtful":0,"totalConfirmed":4},{"totalCured":3,"totalDeath":0,"totalIncrease":0,"childStatistic":"百色","totalDoubtful":0,"totalConfirmed":3}],"childStatistic":"广西壮族自治区","totalDoubtful":0,"totalConfirmed":263},{"totalCured":217,"totalDeath":0,"totalIncrease":0,"cityArray":[{"totalCured":83,"totalDeath":0,"totalIncrease":0,"childStatistic":"境外输入","totalDoubtful":0,"totalConfirmed":86},{"totalCured":37,"totalDeath":0,"totalIncrease":0,"childStatistic":"晋中","totalDoubtful":0,"totalConfirmed":37},{"totalCured":21,"totalDeath":0,"totalIncrease":0,"childStatistic":"太原","totalDoubtful":0,"totalConfirmed":21},{"totalCured":19,"totalDeath":0,"totalIncrease":0,"childStatistic":"运城","totalDoubtful":0,"totalConfirmed":19},{"totalCured":12,"totalDeath":0,"totalIncrease":0,"childStatistic":"大同","totalDoubtful":0,"totalConfirmed":12},{"totalCured":10,"totalDeath":0,"totalIncrease":0,"childStatistic":"晋城","totalDoubtful":0,"totalConfirmed":10},{"totalCured":8,"totalDeath":0,"totalIncrease":0,"childStatistic":"长治","totalDoubtful":0,"totalConfirmed":8},{"totalCured":8,"totalDeath":0,"totalIncrease":0,"childStatistic":"朔州","totalDoubtful":0,"totalConfirmed":8},{"totalCured":7,"totalDeath":0,"totalIncrease":0,"childStatistic":"忻州","totalDoubtful":0,"totalConfirmed":7},{"totalCured":6,"totalDeath":0,"totalIncrease":0,"childStatistic":"吕梁","totalDoubtful":0,"totalConfirmed":6},{"totalCured":4,"totalDeath":0,"totalIncrease":0,"childStatistic":"阳泉","totalDoubtful":0,"totalConfirmed":4},{"totalCured":2,"totalDeath":0,"totalIncrease":0,"childStatistic":"临汾","totalDoubtful":0,"totalConfirmed":2}],"childStatistic":"山西省","totalDoubtful":0,"totalConfirmed":220},{"totalCured":210,"totalDeath":2,"totalIncrease":0,"cityArray":[{"totalCured":53,"totalDeath":0,"totalIncrease":0,"childStatistic":"昆明","totalDoubtful":0,"totalConfirmed":53},{"totalCured":38,"totalDeath":0,"totalIncrease":0,"childStatistic":"境外输入","totalDoubtful":0,"totalConfirmed":45},{"totalCured":25,"totalDeath":0,"totalIncrease":0,"childStatistic":"昭通","totalDoubtful":0,"totalConfirmed":25},{"totalCured":14,"totalDeath":1,"totalIncrease":0,"childStatistic":"西双版纳州","totalDoubtful":0,"totalConfirmed":15},{"totalCured":13,"totalDeath":1,"totalIncrease":0,"childStatistic":"玉溪","totalDoubtful":0,"totalConfirmed":14},{"totalCured":13,"totalDeath":0,"totalIncrease":0,"childStatistic":"曲靖","totalDoubtful":0,"totalConfirmed":13},{"totalCured":13,"totalDeath":0,"totalIncrease":0,"childStatistic":"大理州","totalDoubtful":0,"totalConfirmed":13},{"totalCured":9,"totalDeath":0,"totalIncrease":0,"childStatistic":"保山","totalDoubtful":0,"totalConfirmed":9},{"totalCured":9,"totalDeath":0,"totalIncrease":0,"childStatistic":"红河州","totalDoubtful":0,"totalConfirmed":9},{"totalCured":7,"totalDeath":0,"totalIncrease":0,"childStatistic":"丽江","totalDoubtful":0,"totalConfirmed":7},{"totalCured":5,"totalDeath":0,"totalIncrease":0,"childStatistic":"德宏州","totalDoubtful":0,"totalConfirmed":5},{"totalCured":4,"totalDeath":0,"totalIncrease":0,"childStatistic":"楚雄州","totalDoubtful":0,"totalConfirmed":4},{"totalCured":4,"totalDeath":0,"totalIncrease":0,"childStatistic":"普洱","totalDoubtful":0,"totalConfirmed":4},{"totalCured":2,"totalDeath":0,"totalIncrease":0,"childStatistic":"文山州","totalDoubtful":0,"totalConfirmed":2},{"totalCured":1,"totalDeath":0,"totalIncrease":0,"childStatistic":"临沧","totalDoubtful":0,"totalConfirmed":1}],"childStatistic":"云南省","totalDoubtful":0,"totalConfirmed":219},{"totalCured":179,"totalDeath":2,"totalIncrease":0,"cityArray":[{"totalCured":89,"totalDeath":0,"totalIncrease":0,"childStatistic":"境外输入","totalDoubtful":0,"totalConfirmed":90},{"totalCured":35,"totalDeath":2,"totalIncrease":0,"childStatistic":"兰州","totalDoubtful":0,"totalConfirmed":37},{"totalCured":12,"totalDeath":0,"totalIncrease":0,"childStatistic":"天水","totalDoubtful":0,"totalConfirmed":12},{"totalCured":9,"totalDeath":0,"totalIncrease":0,"childStatistic":"定西","totalDoubtful":0,"totalConfirmed":9},{"totalCured":9,"totalDeath":0,"totalIncrease":0,"childStatistic":"平凉","totalDoubtful":0,"totalConfirmed":9},{"totalCured":8,"totalDeath":0,"totalIncrease":0,"childStatistic":"甘南州","totalDoubtful":0,"totalConfirmed":8},{"totalCured":4,"totalDeath":0,"totalIncrease":0,"childStatistic":"白银","totalDoubtful":0,"totalConfirmed":4},{"totalCured":4,"totalDeath":0,"totalIncrease":0,"childStatistic":"陇南","totalDoubtful":0,"totalConfirmed":4},{"totalCured":3,"totalDeath":0,"totalIncrease":0,"childStatistic":"庆阳","totalDoubtful":0,"totalConfirmed":3},{"totalCured":3,"totalDeath":0,"totalIncrease":0,"childStatistic":"临夏州","totalDoubtful":0,"totalConfirmed":3},{"totalCured":2,"totalDeath":0,"totalIncrease":0,"childStatistic":"张掖","totalDoubtful":0,"totalConfirmed":2},{"totalCured":1,"totalDeath":0,"totalIncrease":0,"childStatistic":"金昌","totalDoubtful":0,"totalConfirmed":1}],"childStatistic":"甘肃省","totalDoubtful":0,"totalConfirmed":182},{"totalCured":165,"totalDeath":6,"totalIncrease":0,"cityArray":[{"totalCured":56,"totalDeath":1,"totalIncrease":0,"childStatistic":"三亚","totalDoubtful":0,"totalConfirmed":57},{"totalCured":39,"totalDeath":0,"totalIncrease":0,"childStatistic":"海口","totalDoubtful":0,"totalConfirmed":39},{"totalCured":14,"totalDeath":1,"totalIncrease":0,"childStatistic":"儋州","totalDoubtful":0,"totalConfirmed":15},{"totalCured":13,"totalDeath":0,"totalIncrease":0,"childStatistic":"万宁","totalDoubtful":0,"totalConfirmed":13},{"totalCured":8,"totalDeath":1,"totalIncrease":0,"childStatistic":"澄迈县","totalDoubtful":0,"totalConfirmed":9},{"totalCured":7,"totalDeath":0,"totalIncrease":0,"childStatistic":"昌江县","totalDoubtful":0,"totalConfirmed":7},{"totalCured":5,"totalDeath":1,"totalIncrease":0,"childStatistic":"琼海","totalDoubtful":0,"totalConfirmed":6},{"totalCured":6,"totalDeath":0,"totalIncrease":0,"childStatistic":"临高县","totalDoubtful":0,"totalConfirmed":6},{"totalCured":4,"totalDeath":0,"totalIncrease":0,"childStatistic":"陵水县","totalDoubtful":0,"totalConfirmed":4},{"totalCured":2,"totalDeath":1,"totalIncrease":0,"childStatistic":"东方","totalDoubtful":0,"totalConfirmed":3},{"totalCured":3,"totalDeath":0,"totalIncrease":0,"childStatistic":"保亭县","totalDoubtful":0,"totalConfirmed":3},{"totalCured":2,"totalDeath":1,"totalIncrease":0,"childStatistic":"定安县","totalDoubtful":0,"totalConfirmed":3},{"totalCured":3,"totalDeath":0,"totalIncrease":0,"childStatistic":"文昌","totalDoubtful":0,"totalConfirmed":3},{"totalCured":2,"totalDeath":0,"totalIncrease":0,"childStatistic":"乐东县","totalDoubtful":0,"totalConfirmed":2},{"totalCured":1,"totalDeath":0,"totalIncrease":0,"childStatistic":"琼中县","totalDoubtful":0,"totalConfirmed":1}],"childStatistic":"海南省","totalDoubtful":0,"totalConfirmed":171},{"totalCured":155,"totalDeath":2,"totalIncrease":0,"cityArray":[{"totalCured":47,"totalDeath":1,"totalIncrease":0,"childStatistic":"吉林","totalDoubtful":0,"totalConfirmed":48},{"totalCured":45,"totalDeath":0,"totalIncrease":0,"childStatistic":"长春","totalDoubtful":0,"totalConfirmed":45},{"totalCured":19,"totalDeath":0,"totalIncrease":0,"childStatistic":"境外输入","totalDoubtful":0,"totalConfirmed":19},{"totalCured":16,"totalDeath":1,"totalIncrease":0,"childStatistic":"四平","totalDoubtful":0,"totalConfirmed":17},{"totalCured":7,"totalDeath":0,"totalIncrease":0,"childStatistic":"辽源","totalDoubtful":0,"totalConfirmed":7},{"totalCured":6,"totalDeath":0,"totalIncrease":0,"childStatistic":"通化","totalDoubtful":0,"totalConfirmed":6},{"totalCured":6,"totalDeath":0,"totalIncrease":0,"childStatistic":"公主岭","totalDoubtful":0,"totalConfirmed":6},{"totalCured":5,"totalDeath":0,"totalIncrease":0,"childStatistic":"延边州","totalDoubtful":0,"totalConfirmed":5},{"totalCured":2,"totalDeath":0,"totalIncrease":0,"childStatistic":"松原","totalDoubtful":0,"totalConfirmed":2},{"totalCured":1,"totalDeath":0,"totalIncrease":0,"childStatistic":"梅河口","totalDoubtful":0,"totalConfirmed":1},{"totalCured":1,"totalDeath":0,"totalIncrease":0,"childStatistic":"白城","totalDoubtful":0,"totalConfirmed":1}],"childStatistic":"吉林省","totalDoubtful":0,"totalConfirmed":157},{"totalCured":145,"totalDeath":2,"totalIncrease":0,"cityArray":[{"totalCured":35,"totalDeath":1,"totalIncrease":0,"childStatistic":"贵阳","totalDoubtful":0,"totalConfirmed":36},{"totalCured":32,"totalDeath":0,"totalIncrease":0,"childStatistic":"遵义","totalDoubtful":0,"totalConfirmed":32},{"totalCured":23,"totalDeath":0,"totalIncrease":0,"childStatistic":"毕节","totalDoubtful":0,"totalConfirmed":23},{"totalCured":17,"totalDeath":0,"totalIncrease":0,"childStatistic":"黔南州","totalDoubtful":0,"totalConfirmed":17},{"totalCured":9,"totalDeath":1,"totalIncrease":0,"childStatistic":"六盘水","totalDoubtful":0,"totalConfirmed":10},{"totalCured":10,"totalDeath":0,"totalIncrease":0,"childStatistic":"铜仁","totalDoubtful":0,"totalConfirmed":10},{"totalCured":10,"totalDeath":0,"totalIncrease":0,"childStatistic":"黔东南州","totalDoubtful":0,"totalConfirmed":10},{"totalCured":4,"totalDeath":0,"totalIncrease":0,"childStatistic":"黔西南州","totalDoubtful":0,"totalConfirmed":4},{"totalCured":4,"totalDeath":0,"totalIncrease":0,"childStatistic":"安顺","totalDoubtful":0,"totalConfirmed":4},{"totalCured":1,"totalDeath":0,"totalIncrease":0,"childStatistic":"境外输入","totalDoubtful":0,"totalConfirmed":1}],"childStatistic":"贵州省","totalDoubtful":0,"totalConfirmed":147},{"totalCured":75,"totalDeath":0,"totalIncrease":0,"cityArray":[{"totalCured":36,"totalDeath":0,"totalIncrease":0,"childStatistic":"银川","totalDoubtful":0,"totalConfirmed":36},{"totalCured":28,"totalDeath":0,"totalIncrease":0,"childStatistic":"吴忠","totalDoubtful":0,"totalConfirmed":28},{"totalCured":5,"totalDeath":0,"totalIncrease":0,"childStatistic":"固原","totalDoubtful":0,"totalConfirmed":5},{"totalCured":4,"totalDeath":0,"totalIncrease":0,"childStatistic":"中卫","totalDoubtful":0,"totalConfirmed":4},{"totalCured":1,"totalDeath":0,"totalIncrease":0,"childStatistic":"石嘴山","totalDoubtful":0,"totalConfirmed":1},{"totalCured":1,"totalDeath":0,"totalIncrease":0,"childStatistic":"宁东","totalDoubtful":0,"totalConfirmed":1}],"childStatistic":"宁夏回族自治区","totalDoubtful":0,"totalConfirmed":75},{"totalCured":46,"totalDeath":0,"totalIncrease":0,"cityArray":[{"totalCured":46,"totalDeath":0,"totalIncrease":0,"childStatistic":"中国澳门","totalDoubtful":0,"totalConfirmed":46}],"childStatistic":"中国澳门","totalDoubtful":0,"totalConfirmed":46},{"totalCured":18,"totalDeath":0,"totalIncrease":0,"cityArray":[{"totalCured":15,"totalDeath":0,"totalIncrease":0,"childStatistic":"西宁","totalDoubtful":0,"totalConfirmed":15},{"totalCured":3,"totalDeath":0,"totalIncrease":0,"childStatistic":"海北州","totalDoubtful":0,"totalConfirmed":3}],"childStatistic":"青海省","totalDoubtful":0,"totalConfirmed":18},{"totalCured":1,"totalDeath":0,"totalIncrease":0,"cityArray":[{"totalCured":1,"totalDeath":0,"totalIncrease":0,"childStatistic":"拉萨","totalDoubtful":0,"totalConfirmed":1}],"childStatistic":"西藏自治区","totalDoubtful":0,"totalConfirmed":1}]}
